patient0051_0029 0 0.3311260640621185 303 234 330 254 patient0051 29
patient0051_0030 0 0.4854493737220764 310 235 330 252 patient0051 30
patient0051_0031 0 0.6294974684715271 309 234 331 251 patient0051 31
patient0051_0032 0 0.6217010617256165 312 232 332 252 patient0051 32
patient0051_0033 0 0.5120993256568909 310 232 331 252 patient0051 33
patient0051_0034 0 0.2878411114215851 310 232 332 254 patient0051 34
patient0051_0049 0 0.2812389135360718 269 53 294 75 patient0051 49
patient0051_0062 0 0.3426655232906341 168 298 204 346 patient0051 62
patient0051_0065 0 0.2621264457702636 169 302 198 345 patient0051 65
patient0052_0001 0 0.7539960145950317 430 266 465 317 patient0052 1
patient0052_0002 0 0.6661065816879272 429 270 459 315 patient0052 2
patient0052_0003 0 0.4496626257896423 428 276 453 312 patient0052 3
patient0052_0021 0 0.3008107841014862 153 318 169 343 patient0052 21
patient0052_0044 0 0.514679491519928 292 318 321 354 patient0052 44
patient0052_0045 0 0.6206166744232178 295 322 322 354 patient0052 45
patient0052_0057 0 0.4811724126338959 331 77 357 109 patient0052 57
patient0052_0058 0 0.2913867235183716 331 77 358 110 patient0052 58
patient0052_0069 0 0.3816272914409637 74 124 109 154 patient0052 69
patient0052_0109 0 0.328809916973114 193 266 221 292 patient0052 109
patient0052_0110 0 0.2953715324401855 193 260 224 294 patient0052 110
patient0052_0142 0 0.2950879633426666 243 240 268 271 patient0052 142
patient0052_0148 0 0.5099735856056213 246 249 269 279 patient0052 148
patient0052_0149 0 0.7890648245811462 246 245 267 271 patient0052 149
patient0052_0150 0 0.8047070503234863 246 243 267 272 patient0052 150
patient0052_0151 0 0.8193135261535645 248 240 268 273 patient0052 151
patient0052_0152 0 0.8510416150093079 247 238 269 276 patient0052 152
patient0052_0153 0 0.8456854820251465 246 237 271 278 patient0052 153
patient0052_0154 0 0.8507612347602844 245 235 272 280 patient0052 154
patient0052_0155 0 0.8599931597709656 244 235 273 280 patient0052 155
patient0052_0156 0 0.849433422088623 243 232 274 281 patient0052 156
patient0052_0157 0 0.8086333870887756 243 231 275 282 patient0052 157
patient0052_0158 0 0.8349719047546387 243 224 277 283 patient0052 158
patient0052_0159 0 0.8212332129478455 243 221 283 284 patient0052 159
patient0052_0160 0 0.8410164713859558 241 221 289 284 patient0052 160
patient0052_0161 0 0.8549243807792664 241 219 291 284 patient0052 161
patient0052_0162 0 0.8748266696929932 240 218 293 284 patient0052 162
patient0052_0163 0 0.8809038996696472 240 219 294 285 patient0052 163
patient0052_0164 0 0.8772794008255005 240 221 295 285 patient0052 164
patient0052_0165 0 0.8836334347724915 238 221 295 285 patient0052 165
patient0052_0166 0 0.8889334201812744 237 221 295 285 patient0052 166
patient0052_0167 0 0.8918884992599487 235 221 296 285 patient0052 167
patient0052_0168 0 0.8934987187385559 235 221 296 285 patient0052 168
patient0052_0169 0 0.8915758728981018 234 221 296 285 patient0052 169
patient0052_0170 0 0.8765280842781067 233 221 296 285 patient0052 170
patient0052_0171 0 0.8499378561973572 234 222 296 286 patient0052 171
patient0052_0172 0 0.88496333360672 249 230 297 287 patient0052 172
patient0052_0173 0 0.8735619783401489 251 230 297 286 patient0052 173
patient0052_0174 0 0.8642261624336243 256 228 298 286 patient0052 174
patient0052_0175 0 0.8593814373016357 256 227 302 286 patient0052 175
patient0052_0176 0 0.8511360287666321 256 226 304 285 patient0052 176
patient0052_0177 0 0.8293617963790894 257 225 304 285 patient0052 177
patient0052_0178 0 0.8374112248420715 256 226 304 285 patient0052 178
patient0052_0179 0 0.8392148017883301 257 225 303 284 patient0052 179
patient0052_0180 0 0.8212172985076904 257 225 302 283 patient0052 180
patient0052_0181 0 0.8384864330291748 257 225 302 282 patient0052 181
patient0052_0182 0 0.8365970253944397 256 226 301 281 patient0052 182
patient0052_0183 0 0.8192227482795715 255 226 301 281 patient0052 183
patient0052_0183 0 0.446513295173645 276 226 302 256 patient0052 183
patient0052_0184 0 0.8028091192245483 254 226 302 281 patient0052 184
patient0052_0184 0 0.6663950085639954 277 227 302 256 patient0052 184
patient0052_0185 0 0.8164107799530029 252 225 302 281 patient0052 185
patient0052_0185 0 0.758179247379303 277 226 302 256 patient0052 185
patient0052_0186 0 0.7983697056770325 251 225 302 281 patient0052 186
patient0052_0186 0 0.7901624441146851 277 225 302 254 patient0052 186
patient0052_0187 0 0.797466516494751 251 225 301 281 patient0052 187
patient0052_0187 0 0.7870955467224121 277 226 302 253 patient0052 187
patient0052_0188 0 0.7996264696121216 277 226 302 252 patient0052 188
patient0052_0188 0 0.7884271740913391 250 226 301 281 patient0052 188
patient0052_0189 0 0.8004505634307861 277 226 301 250 patient0052 189
patient0052_0189 0 0.4795615077018738 250 226 300 281 patient0052 189
patient0052_0190 0 0.7961456179618835 277 227 300 249 patient0052 190
patient0052_0191 0 0.7926597595214844 278 228 299 247 patient0052 191
patient0052_0192 0 0.8036888837814331 278 229 297 246 patient0052 192
patient0052_0193 0 0.7649619579315186 277 229 296 245 patient0052 193
patient0052_0194 0 0.7201274633407593 278 229 295 244 patient0052 194
patient0052_0195 0 0.6658972501754761 282 229 295 243 patient0052 195
patient0052_0196 0 0.6720914840698242 283 228 295 243 patient0052 196
patient0052_0197 0 0.6550557017326355 282 228 293 242 patient0052 197
patient0052_0198 0 0.6462123394012451 281 229 292 242 patient0052 198
patient0052_0199 0 0.6378511190414429 280 230 292 242 patient0052 199
patient0052_0200 0 0.7009153962135315 280 230 291 241 patient0052 200
patient0052_0201 0 0.7291905283927917 280 229 291 241 patient0052 201
patient0052_0202 0 0.7340830564498901 280 228 290 241 patient0052 202
patient0053_0001 0 0.5341293811798096 340 149 370 186 patient0053 1
patient0053_0002 0 0.3819335997104645 341 151 370 184 patient0053 2
patient0053_0004 0 0.5708230137825012 228 124 250 143 patient0053 4
patient0053_0005 0 0.3525343239307403 226 124 249 143 patient0053 5
patient0053_0016 0 0.4425120055675506 309 147 331 166 patient0053 16
patient0053_0017 0 0.5209335684776306 309 147 331 166 patient0053 17
patient0054_0023 0 0.2728143036365509 323 88 337 103 patient0054 23
patient0054_0027 0 0.386383056640625 369 241 388 254 patient0054 27
patient0055_0008 0 0.3069953322410583 208 300 244 327 patient0055 8
patient0055_0020 0 0.5988181829452515 224 313 238 332 patient0055 20
patient0055_0021 0 0.6192713975906372 224 314 239 332 patient0055 21
patient0055_0022 0 0.6611684560775757 225 314 240 332 patient0055 22
patient0055_0023 0 0.3047854006290436 226 314 241 332 patient0055 23
patient0055_0025 0 0.5605188012123108 172 385 185 401 patient0055 25
patient0055_0026 0 0.7084802985191345 171 385 184 401 patient0055 26
patient0055_0029 0 0.4657422304153442 169 383 183 400 patient0055 29
patient0055_0030 0 0.6583853363990784 168 383 183 400 patient0055 30
patient0055_0030 0 0.4649397134780884 286 384 330 417 patient0055 30
patient0055_0031 0 0.5309550166130066 288 385 332 425 patient0055 31
patient0055_0032 0 0.3215581774711609 290 387 331 423 patient0055 32
patient0055_0041 0 0.4879228770732879 169 378 187 402 patient0055 41
patient0055_0064 0 0.3842359185218811 171 377 187 398 patient0055 64
patient0055_0124 0 0.3018441498279571 147 273 170 294 patient0055 124
patient0055_0185 0 0.7732381224632263 188 255 203 274 patient0055 185
patient0055_0186 0 0.8083109855651855 189 254 205 276 patient0055 186
patient0055_0187 0 0.8327493071556091 188 252 205 277 patient0055 187
patient0055_0188 0 0.8438576459884644 187 252 206 277 patient0055 188
patient0055_0189 0 0.8350824117660522 186 251 206 278 patient0055 189
patient0055_0190 0 0.840437114238739 185 250 208 278 patient0055 190
patient0055_0191 0 0.8290319442749023 185 249 209 279 patient0055 191
patient0055_0193 0 0.7859962582588196 183 234 221 279 patient0055 193
patient0055_0194 0 0.8405193090438843 182 237 222 279 patient0055 194
patient0055_0195 0 0.8436025381088257 181 235 222 279 patient0055 195
patient0055_0196 0 0.8582990169525146 180 237 224 279 patient0055 196
patient0055_0197 0 0.8427031636238098 180 236 224 280 patient0055 197
patient0055_0198 0 0.8733150959014893 179 234 226 281 patient0055 198
patient0055_0199 0 0.870711088180542 178 233 227 281 patient0055 199
patient0055_0200 0 0.8706117272377014 178 234 228 281 patient0055 200
patient0055_0201 0 0.8670765161514282 177 234 226 281 patient0055 201
patient0055_0202 0 0.760951578617096 189 234 226 281 patient0055 202
patient0055_0203 0 0.75896155834198 188 234 227 281 patient0055 203
patient0055_0204 0 0.8583531379699707 175 234 227 281 patient0055 204
patient0055_0205 0 0.8227639198303223 176 234 227 281 patient0055 205
patient0055_0206 0 0.8865806460380554 194 233 228 280 patient0055 206
patient0055_0207 0 0.8947936296463013 194 233 227 280 patient0055 207
patient0055_0208 0 0.8577471971511841 197 233 227 281 patient0055 208
patient0055_0209 0 0.850888729095459 201 233 228 281 patient0055 209
patient0055_0210 0 0.8441410660743713 202 234 228 281 patient0055 210
patient0055_0211 0 0.8368401527404785 202 234 228 281 patient0055 211
patient0055_0212 0 0.8414725661277771 201 234 229 280 patient0055 212
patient0055_0213 0 0.8465498685836792 202 234 229 280 patient0055 213
patient0055_0214 0 0.8742191195487976 201 233 230 280 patient0055 214
patient0055_0215 0 0.8679276704788208 201 231 232 280 patient0055 215
patient0055_0216 0 0.8371577858924866 201 230 235 280 patient0055 216
patient0055_0217 0 0.8334954380989075 200 229 234 280 patient0055 217
patient0055_0218 0 0.844979465007782 200 228 234 280 patient0055 218
patient0055_0219 0 0.8237903714179993 199 228 234 281 patient0055 219
patient0055_0220 0 0.810816764831543 198 229 232 281 patient0055 220
patient0055_0221 0 0.7936821579933167 197 229 231 281 patient0055 221
patient0055_0222 0 0.7802504301071167 196 229 231 281 patient0055 222
patient0055_0223 0 0.4672166109085083 216 229 228 242 patient0055 223
patient0055_0223 0 0.2642784416675567 196 229 229 281 patient0055 223
patient0055_0224 0 0.5671464204788208 214 230 226 241 patient0055 224
patient0055_0225 0 0.6446914076805115 212 230 225 240 patient0055 225
patient0055_0226 0 0.6343398094177246 212 229 225 240 patient0055 226
patient0055_0227 0 0.6651977300643921 210 228 224 239 patient0055 227
patient0055_0228 0 0.6626186966896057 211 229 224 239 patient0055 228
patient0055_0229 0 0.6997827887535095 211 228 223 238 patient0055 229
patient0055_0230 0 0.6969440579414368 211 228 222 238 patient0055 230
patient0055_0231 0 0.6908537149429321 210 228 220 237 patient0055 231
patient0055_0232 0 0.6716615557670593 208 228 219 238 patient0055 232
patient0055_0233 0 0.6310997605323792 207 228 218 238 patient0055 233
patient0055_0234 0 0.5954978466033936 207 229 219 238 patient0055 234
patient0055_0235 0 0.531947672367096 207 229 219 239 patient0055 235
patient0056_0003 0 0.3092642426490783 119 254 135 269 patient0056 3
patient0056_0026 0 0.4168562293052673 270 73 295 88 patient0056 26
patient0056_0027 0 0.3330925107002258 271 74 294 84 patient0056 27
patient0056_0034 0 0.5111313462257385 258 60 282 84 patient0056 34
patient0056_0038 0 0.3673843145370483 354 172 369 190 patient0056 38
patient0056_0059 0 0.282386302947998 19 41 37 59 patient0056 59
patient0056_0060 0 0.3055170178413391 20 41 37 60 patient0056 60
patient0056_0061 0 0.3312293589115143 215 281 250 329 patient0056 61
patient0056_0065 0 0.5792993307113647 199 263 237 305 patient0056 65
patient0056_0068 0 0.4339866638183594 237 329 253 346 patient0056 68
patient0056_0072 0 0.2649443745613098 95 148 109 174 patient0056 72
patient0056_0091 0 0.4279287159442901 239 283 268 311 patient0056 91
patient0056_0092 0 0.4866679608821869 239 285 267 312 patient0056 92
patient0056_0133 0 0.3943061530590057 179 279 192 298 patient0056 133
patient0056_0134 0 0.37245973944664 180 280 192 301 patient0056 134
patient0057_0001 0 0.6441092491149902 104 208 128 239 patient0057 1
patient0057_0001 0 0.5051453709602356 245 336 280 390 patient0057 1
patient0057_0002 0 0.2663065791130066 105 206 129 238 patient0057 2
patient0057_0002 0 0.2604512870311737 246 334 281 389 patient0057 2
patient0057_0003 0 0.5135665535926819 253 350 281 389 patient0057 3
patient0057_0006 0 0.3645711839199066 259 350 277 386 patient0057 6
patient0057_0007 0 0.476809024810791 259 352 276 382 patient0057 7
patient0057_0008 0 0.3800610303878784 260 353 276 381 patient0057 8
patient0058_0003 0 0.320052295923233 390 385 405 402 patient0058 3
patient0058_0004 0 0.6588695049285889 52 253 72 281 patient0058 4
patient0058_0004 0 0.4907933175563812 404 59 443 100 patient0058 4
patient0058_0004 0 0.3165047764778137 390 382 406 402 patient0058 4
patient0058_0005 0 0.6864922046661377 51 252 74 281 patient0058 5
patient0058_0006 0 0.5009465217590332 299 114 326 142 patient0058 6
patient0058_0009 0 0.2951158285140991 95 273 115 291 patient0058 9
patient0058_0021 0 0.3352490365505218 99 273 110 291 patient0058 21
patient0058_0030 0 0.2734061181545257 212 303 226 318 patient0058 30
patient0058_0031 0 0.2860136032104492 211 302 225 318 patient0058 31
patient0058_0036 0 0.3332486748695373 280 73 291 84 patient0058 36
patient0058_0042 0 0.4506122171878814 244 300 261 316 patient0058 42
patient0058_0062 0 0.4937961995601654 285 71 318 89 patient0058 62
patient0058_0063 0 0.5243658423423767 285 72 317 91 patient0058 63
patient0058_0070 0 0.5522270202636719 192 406 227 446 patient0058 70
patient0058_0071 0 0.5544700026512146 193 402 229 448 patient0058 71
patient0058_0084 0 0.4825024306774139 222 269 251 289 patient0058 84
patient0059_0004 0 0.3988520205020904 176 365 195 393 patient0059 4
patient0059_0008 0 0.41983562707901 428 199 473 254 patient0059 8
patient0059_0008 0 0.4123318493366241 177 46 205 87 patient0059 8
patient0059_0009 0 0.5844036340713501 179 44 213 87 patient0059 9
patient0059_0010 0 0.4465969800949096 187 384 211 402 patient0059 10
patient0059_0010 0 0.4296008944511413 208 68 229 85 patient0059 10
patient0059_0010 0 0.2536223530769348 431 195 470 254 patient0059 10
patient0059_0011 0 0.5757030844688416 185 380 207 402 patient0059 11
patient0059_0011 0 0.5655504465103149 210 68 230 87 patient0059 11
patient0059_0011 0 0.490732342004776 431 195 469 254 patient0059 11
patient0059_0013 0 0.5120382905006409 178 364 200 400 patient0059 13
patient0059_0014 0 0.2518118917942047 178 365 201 400 patient0059 14
patient0059_0015 0 0.2673900425434112 435 216 467 263 patient0059 15
patient0059_0016 0 0.3598174452781677 170 228 184 242 patient0059 16
patient0059_0020 0 0.3877446949481964 210 76 231 94 patient0059 20
patient0059_0022 0 0.4667831659317016 273 305 299 343 patient0059 22
patient0059_0026 0 0.4207857549190521 292 329 325 365 patient0059 26
patient0059_0027 0 0.6821497678756714 211 85 231 102 patient0059 27
patient0059_0028 0 0.4385611414909363 209 84 232 103 patient0059 28
patient0059_0029 0 0.2830749750137329 262 300 292 328 patient0059 29
patient0059_0030 0 0.520341157913208 262 292 295 332 patient0059 30
patient0059_0031 0 0.2797982096672058 262 288 299 334 patient0059 31
patient0059_0037 0 0.2955069839954376 252 276 281 309 patient0059 37
patient0059_0044 0 0.3841501772403717 300 98 327 117 patient0059 44
patient0059_0045 0 0.5141773223876953 300 98 327 118 patient0059 45
patient0059_0046 0 0.4375434815883636 22 97 43 113 patient0059 46
patient0059_0047 0 0.5000436305999756 14 99 34 113 patient0059 47
patient0059_0047 0 0.3220081627368927 23 99 40 113 patient0059 47
patient0059_0054 0 0.2702973186969757 246 76 273 117 patient0059 54
patient0059_0136 0 0.3133371770381927 256 279 279 319 patient0059 136
patient0059_0240 0 0.5699914693832397 375 92 414 125 patient0059 240
patient0059_0243 0 0.2816801071166992 389 97 419 127 patient0059 243
patient0059_0244 0 0.2533978521823883 385 97 417 125 patient0059 244
patient0060_0029 0 0.5012116432189941 98 475 113 496 patient0060 29
patient0060_0030 0 0.2915974855422973 97 475 113 496 patient0060 30
patient0060_0085 0 0.2990598082542419 309 477 331 495 patient0060 85
patient0060_0092 0 0.3682774305343628 281 147 296 163 patient0060 92
patient0060_0101 0 0.2963518798351288 315 308 332 326 patient0060 101
patient0060_0107 0 0.3378714025020599 93 146 114 167 patient0060 107
patient0061_0002 0 0.2533086240291595 389 446 405 469 patient0061 2
patient0061_0003 0 0.3137160837650299 257 144 291 191 patient0061 3
patient0061_0005 0 0.4159514605998993 365 203 383 228 patient0061 5
patient0061_0006 0 0.4025806188583374 364 203 383 228 patient0061 6
patient0061_0011 0 0.5546942353248596 325 280 352 313 patient0061 11
patient0061_0016 0 0.367366224527359 256 302 270 318 patient0061 16
patient0061_0023 0 0.3460815250873565 256 55 272 80 patient0061 23
patient0061_0032 0 0.378469854593277 13 86 33 102 patient0061 32
patient0061_0058 0 0.4440481662750244 252 83 265 97 patient0061 58
patient0061_0059 0 0.5668212175369263 252 82 265 98 patient0061 59
patient0061_0059 0 0.3939279317855835 284 69 316 109 patient0061 59
patient0061_0061 0 0.2627024352550506 250 82 264 98 patient0061 61
patient0061_0064 0 0.4812383353710174 284 68 328 109 patient0061 64
patient0061_0120 0 0.4083942770957947 133 59 170 109 patient0061 120
patient0062_0002 0 0.4413839876651764 344 364 361 375 patient0062 2
patient0062_0003 0 0.2607685327529907 343 364 363 375 patient0062 3
patient0062_0004 0 0.2755604386329651 343 363 362 375 patient0062 4
patient0062_0005 0 0.4780850410461426 340 364 359 376 patient0062 5
patient0062_0006 0 0.3736619651317596 338 364 356 376 patient0062 6
patient0062_0007 0 0.4850334525108337 339 366 356 378 patient0062 7
patient0062_0008 0 0.3951127529144287 340 368 356 378 patient0062 8
patient0062_0011 0 0.3940105736255646 164 377 179 396 patient0062 11
patient0062_0012 0 0.2802143692970276 163 376 177 397 patient0062 12
patient0062_0013 0 0.664280891418457 162 375 176 396 patient0062 13
patient0062_0014 0 0.5900460481643677 162 374 177 394 patient0062 14
patient0062_0016 0 0.3200624585151672 391 372 420 418 patient0062 16
patient0062_0025 0 0.3707480728626251 375 369 398 385 patient0062 25
patient0062_0028 0 0.4692711234092712 380 369 412 407 patient0062 28
patient0062_0042 0 0.3736248314380646 401 378 438 425 patient0062 42
patient0062_0064 0 0.456279844045639 375 209 414 270 patient0062 64
patient0062_0083 0 0.343362808227539 351 335 368 350 patient0062 83
patient0062_0096 0 0.4216906726360321 145 123 179 146 patient0062 96
patient0062_0103 0 0.2873328030109405 359 187 389 246 patient0062 103
patient0062_0148 0 0.2686843276023865 372 176 395 203 patient0062 148
patient0062_0170 0 0.5556612610816956 131 111 154 149 patient0062 170
patient0062_0171 0 0.5489195585250854 132 113 153 149 patient0062 171
patient0062_0172 0 0.4422064125537872 133 114 154 150 patient0062 172
patient0062_0173 0 0.3167381882667541 132 115 154 150 patient0062 173
patient0062_0187 0 0.5766960978507996 376 171 390 189 patient0062 187
patient0062_0207 0 0.7856895923614502 174 266 188 283 patient0062 207
patient0062_0208 0 0.842881441116333 172 264 189 284 patient0062 208
patient0062_0209 0 0.839561402797699 171 261 191 285 patient0062 209
patient0062_0210 0 0.8397659063339233 170 260 193 287 patient0062 210
patient0062_0211 0 0.8493729829788208 169 259 194 288 patient0062 211
patient0062_0212 0 0.8427781462669373 169 257 195 289 patient0062 212
patient0062_0213 0 0.8514493107795715 168 256 195 290 patient0062 213
patient0062_0214 0 0.8416773676872253 167 255 196 290 patient0062 214
patient0062_0215 0 0.8658650517463684 166 242 209 291 patient0062 215
patient0062_0216 0 0.8694614171981812 166 243 210 291 patient0062 216
patient0062_0217 0 0.860267162322998 165 242 210 292 patient0062 217
patient0062_0218 0 0.8644347786903381 164 241 212 292 patient0062 218
patient0062_0219 0 0.870083749294281 163 241 212 293 patient0062 219
patient0062_0220 0 0.8744608759880066 163 242 212 293 patient0062 220
patient0062_0221 0 0.877954363822937 161 241 213 293 patient0062 221
patient0062_0222 0 0.8690013289451599 161 241 213 293 patient0062 222
patient0062_0223 0 0.8362849354743958 163 241 213 294 patient0062 223
patient0062_0224 0 0.810966968536377 167 241 213 294 patient0062 224
patient0062_0225 0 0.8528876304626465 176 242 213 293 patient0062 225
patient0062_0226 0 0.8606167435646057 183 240 212 294 patient0062 226
patient0062_0227 0 0.8480207920074463 183 239 212 294 patient0062 227
patient0062_0228 0 0.8207622766494751 183 239 213 294 patient0062 228
patient0062_0229 0 0.8087142109870911 182 239 212 294 patient0062 229
patient0062_0230 0 0.8275046944618225 180 240 219 294 patient0062 230
patient0062_0231 0 0.8508464097976685 180 239 220 293 patient0062 231
patient0062_0232 0 0.8483790159225464 180 239 219 292 patient0062 232
patient0062_0233 0 0.8669161796569824 180 238 220 292 patient0062 233
patient0062_0234 0 0.8820772171020508 180 238 220 292 patient0062 234
patient0062_0235 0 0.8780829906463623 179 238 220 292 patient0062 235
patient0062_0235 0 0.3645191490650177 267 244 287 267 patient0062 235
patient0062_0236 0 0.8432771563529968 178 238 219 292 patient0062 236
patient0062_0237 0 0.8200588822364807 177 239 217 291 patient0062 237
patient0062_0237 0 0.2548694014549255 193 238 217 264 patient0062 237
patient0062_0238 0 0.6917518377304077 176 240 213 291 patient0062 238
patient0062_0238 0 0.4650154411792755 194 240 216 262 patient0062 238
patient0062_0239 0 0.7409047484397888 194 240 214 259 patient0062 239
patient0062_0240 0 0.7160699367523193 194 241 208 254 patient0062 240
patient0062_0241 0 0.6782258152961731 194 240 211 257 patient0062 241
patient0062_0242 0 0.638927698135376 194 241 205 254 patient0062 242
patient0062_0242 0 0.4303795099258423 195 241 214 256 patient0062 242
patient0062_0243 0 0.6734941601753235 195 241 206 253 patient0062 243
patient0062_0244 0 0.6649397015571594 194 240 205 252 patient0062 244
patient0062_0245 0 0.6390583515167236 193 240 204 251 patient0062 245
patient0062_0246 0 0.6424556970596313 193 240 204 251 patient0062 246
patient0063_0001 0 0.3119023144245147 56 291 87 307 patient0063 1
patient0063_0002 0 0.3427108526229858 98 199 127 220 patient0063 2
patient0064_0034 0 0.2573671638965606 238 252 252 270 patient0064 34
patient0064_0037 0 0.371733009815216 233 251 256 270 patient0064 37
patient0064_0038 0 0.5071244239807129 235 252 255 270 patient0064 38
patient0064_0043 0 0.2588370144367218 414 382 424 397 patient0064 43
patient0064_0050 0 0.2548360526561737 270 252 295 269 patient0064 50
patient0064_0058 0 0.2674590051174164 422 375 439 395 patient0064 58
patient0064_0062 0 0.3359410762786865 294 359 320 398 patient0064 62
patient0064_0063 0 0.3763481974601745 295 359 327 406 patient0064 63
patient0065_0012 0 0.576495885848999 298 406 316 423 patient0065 12
patient0065_0013 0 0.4913453161716461 298 407 315 425 patient0065 13
patient0065_0115 0 0.3018061816692352 130 338 156 370 patient0065 115
patient0065_0167 0 0.7682339549064636 200 241 216 262 patient0065 167
patient0065_0168 0 0.8112441301345825 198 239 219 264 patient0065 168
patient0065_0169 0 0.8151655793190002 197 238 220 264 patient0065 169
patient0065_0170 0 0.8300865292549133 196 237 219 264 patient0065 170
patient0065_0171 0 0.8351621031761169 195 236 221 264 patient0065 171
patient0065_0172 0 0.865764319896698 193 214 236 266 patient0065 172
patient0065_0173 0 0.8639753460884094 190 214 238 267 patient0065 173
patient0065_0174 0 0.8731341361999512 189 213 238 267 patient0065 174
patient0065_0175 0 0.8743253350257874 188 210 240 268 patient0065 175
patient0065_0176 0 0.8721464276313782 187 212 239 268 patient0065 176
patient0065_0177 0 0.8843154907226562 185 211 240 269 patient0065 177
patient0065_0178 0 0.8937063217163086 184 210 241 270 patient0065 178
patient0065_0179 0 0.8970832228660583 183 209 241 270 patient0065 179
patient0065_0180 0 0.8999813199043274 182 210 241 271 patient0065 180
patient0065_0181 0 0.8912131786346436 181 210 241 271 patient0065 181
patient0065_0182 0 0.8675889372825623 180 210 242 271 patient0065 182
patient0065_0183 0 0.7038452625274658 178 209 245 271 patient0065 183
patient0065_0184 0 0.6772226691246033 188 210 244 271 patient0065 184
patient0065_0185 0 0.557680606842041 180 209 243 271 patient0065 185
patient0065_0186 0 0.6743121147155762 177 209 244 272 patient0065 186
patient0065_0187 0 0.807784378528595 177 209 243 272 patient0065 187
patient0065_0188 0 0.8320749998092651 193 209 244 273 patient0065 188
patient0065_0189 0 0.8492400646209717 202 209 244 272 patient0065 189
patient0065_0190 0 0.8393840789794922 205 211 244 272 patient0065 190
patient0065_0191 0 0.8339011073112488 207 211 245 273 patient0065 191
patient0065_0192 0 0.837761640548706 208 211 246 273 patient0065 192
patient0065_0193 0 0.8613405227661133 209 210 251 273 patient0065 193
patient0065_0194 0 0.8562911152839661 210 211 253 273 patient0065 194
patient0065_0195 0 0.8418164849281311 210 211 252 273 patient0065 195
patient0065_0196 0 0.8217864036560059 210 211 251 272 patient0065 196
patient0065_0197 0 0.8586024045944214 209 209 253 273 patient0065 197
patient0065_0198 0 0.8589668869972229 208 209 254 273 patient0065 198
patient0065_0199 0 0.8294376134872437 208 210 253 273 patient0065 199
patient0065_0200 0 0.837113082408905 207 209 253 273 patient0065 200
patient0065_0201 0 0.8365032076835632 207 207 249 273 patient0065 201
patient0065_0202 0 0.8152379989624023 207 207 248 273 patient0065 202
patient0065_0203 0 0.46054407954216 206 208 248 272 patient0065 203
patient0065_0204 0 0.5122920274734497 229 207 248 229 patient0065 204
patient0065_0205 0 0.631227433681488 228 206 248 228 patient0065 205
patient0065_0206 0 0.5217300653457642 228 206 246 226 patient0065 206
patient0065_0207 0 0.4858927130699157 228 207 244 225 patient0065 207
patient0065_0208 0 0.6666477918624878 201 208 244 272 patient0065 208
patient0065_0208 0 0.4223194122314453 228 207 244 225 patient0065 208
patient0065_0209 0 0.5079277157783508 228 207 242 223 patient0065 209
patient0065_0210 0 0.6743152737617493 227 207 241 224 patient0065 210
patient0065_0211 0 0.6891252398490906 226 207 240 224 patient0065 211
patient0065_0212 0 0.6992512345314026 225 207 240 224 patient0065 212
patient0065_0213 0 0.7136141061782837 224 207 240 223 patient0065 213
patient0065_0214 0 0.5887203812599182 223 208 235 221 patient0065 214
patient0065_0215 0 0.6957098841667175 223 208 235 221 patient0065 215
patient0065_0216 0 0.7355722784996033 222 210 235 221 patient0065 216
patient0065_0217 0 0.7103118896484375 221 211 234 221 patient0065 217
patient0065_0218 0 0.6869766116142273 219 211 233 221 patient0065 218
patient0065_0219 0 0.6869236826896667 219 211 232 221 patient0065 219
patient0065_0220 0 0.4567478895187378 218 211 231 221 patient0065 220
patient0065_0221 0 0.3486264050006866 218 212 230 221 patient0065 221
patient0065_0223 0 0.3135156035423279 217 213 230 223 patient0065 223
patient0065_0224 0 0.4368463158607483 217 214 228 224 patient0065 224
patient0066_0010 0 0.4797421395778656 314 220 336 253 patient0066 10
patient0066_0159 0 0.6521418690681458 189 228 204 245 patient0066 159
patient0066_0160 0 0.7993950843811035 188 226 204 246 patient0066 160
patient0066_0161 0 0.8070783019065857 187 225 205 247 patient0066 161
patient0066_0162 0 0.833840012550354 187 223 206 249 patient0066 162
patient0066_0163 0 0.826652467250824 186 221 206 249 patient0066 163
patient0066_0164 0 0.8244419097900391 186 219 207 250 patient0066 164
patient0066_0165 0 0.8244616389274597 184 219 207 250 patient0066 165
patient0066_0166 0 0.8459024429321289 183 218 208 251 patient0066 166
patient0066_0167 0 0.8629021048545837 181 215 208 252 patient0066 167
patient0066_0168 0 0.8603171110153198 180 214 208 252 patient0066 168
patient0066_0169 0 0.85756516456604 179 213 208 253 patient0066 169
patient0066_0170 0 0.8649752736091614 178 213 208 254 patient0066 170
patient0066_0171 0 0.8609317541122437 177 211 209 254 patient0066 171
patient0066_0172 0 0.7783784866333008 176 201 214 255 patient0066 172
patient0066_0173 0 0.8797253370285034 176 197 223 255 patient0066 173
patient0066_0174 0 0.8836720585823059 174 197 226 256 patient0066 174
patient0066_0175 0 0.9064782857894896 172 196 228 257 patient0066 175
patient0066_0176 0 0.9086799621582032 171 195 227 257 patient0066 176
patient0066_0177 0 0.9006382822990417 169 195 228 257 patient0066 177
patient0066_0178 0 0.8899179100990295 168 196 229 258 patient0066 178
patient0066_0179 0 0.8941870331764221 167 196 230 258 patient0066 179
patient0066_0180 0 0.8978951573371887 166 194 231 258 patient0066 180
patient0066_0181 0 0.8945637941360474 165 193 232 259 patient0066 181
patient0066_0182 0 0.8843992948532104 164 194 233 259 patient0066 182
patient0066_0183 0 0.8850290775299072 163 194 233 260 patient0066 183
patient0066_0184 0 0.891804575920105 164 194 232 260 patient0066 184
patient0066_0185 0 0.9007285833358764 163 195 232 260 patient0066 185
patient0066_0186 0 0.9016112089157104 162 195 232 260 patient0066 186
patient0066_0187 0 0.9074727296829224 162 193 233 261 patient0066 187
patient0066_0188 0 0.9047218561172484 162 192 233 261 patient0066 188
patient0066_0189 0 0.892580509185791 161 193 235 261 patient0066 189
patient0066_0190 0 0.835854709148407 162 196 235 261 patient0066 190
patient0066_0191 0 0.8430758714675903 196 194 244 261 patient0066 191
patient0066_0192 0 0.8706763386726379 198 194 244 261 patient0066 192
patient0066_0193 0 0.8793628215789795 198 195 246 262 patient0066 193
patient0066_0194 0 0.876188337802887 197 194 246 262 patient0066 194
patient0066_0195 0 0.8648721575737 196 195 246 262 patient0066 195
patient0066_0196 0 0.8403792977333069 196 195 246 262 patient0066 196
patient0066_0197 0 0.8273208141326904 195 195 247 262 patient0066 197
patient0066_0198 0 0.8456518650054932 195 194 247 263 patient0066 198
patient0066_0199 0 0.8123319745063782 194 195 247 263 patient0066 199
patient0066_0200 0 0.7841327786445618 192 195 246 263 patient0066 200
patient0066_0201 0 0.5689239501953125 216 194 245 227 patient0066 201
patient0066_0201 0 0.5526806116104126 191 194 245 262 patient0066 201
patient0066_0202 0 0.739499032497406 218 192 245 228 patient0066 202
patient0066_0202 0 0.4120334088802337 189 193 245 262 patient0066 202
patient0066_0203 0 0.6450225114822388 218 189 245 227 patient0066 203
patient0066_0203 0 0.406252384185791 189 191 245 262 patient0066 203
patient0066_0204 0 0.62198406457901 211 191 243 224 patient0066 204
patient0066_0204 0 0.3438706696033478 189 192 244 261 patient0066 204
patient0066_0205 0 0.6213587522506714 212 191 242 222 patient0066 205
patient0066_0205 0 0.3349636793136596 188 192 243 261 patient0066 205
patient0066_0206 0 0.6719216704368591 215 191 241 220 patient0066 206
patient0066_0206 0 0.6137078404426575 188 192 242 261 patient0066 206
patient0066_0207 0 0.6691129803657532 213 192 239 218 patient0066 207
patient0066_0207 0 0.5455513596534729 187 192 241 261 patient0066 207
patient0066_0208 0 0.7440803647041321 215 193 239 217 patient0066 208
patient0066_0209 0 0.7241038680076599 219 193 239 216 patient0066 209
patient0066_0210 0 0.7580758929252625 219 193 238 215 patient0066 210
patient0066_0211 0 0.747966468334198 219 193 237 214 patient0066 211
patient0066_0212 0 0.69808429479599 219 194 235 213 patient0066 212
patient0066_0213 0 0.7132962346076965 218 194 234 212 patient0066 213
patient0066_0214 0 0.7062161564826965 217 194 233 211 patient0066 214
patient0066_0215 0 0.6872865557670593 218 195 232 211 patient0066 215
patient0066_0216 0 0.6934429407119751 218 195 232 210 patient0066 216
patient0066_0217 0 0.6522716879844666 217 195 230 209 patient0066 217
patient0066_0218 0 0.7013444900512695 214 195 229 208 patient0066 218
patient0066_0219 0 0.6899278163909912 214 195 227 208 patient0066 219
patient0066_0220 0 0.707943856716156 213 195 227 208 patient0066 220
patient0066_0221 0 0.7527575492858887 213 196 226 207 patient0066 221
patient0066_0222 0 0.7634579539299011 214 197 226 207 patient0066 222
patient0067_0014 0 0.2571850121021271 274 443 305 477 patient0067 14
patient0067_0017 0 0.3904023170471191 272 441 306 479 patient0067 17
patient0067_0018 0 0.7388443350791931 270 440 303 475 patient0067 18
patient0067_0018 0 0.3120313882827759 66 269 102 321 patient0067 18
patient0067_0019 0 0.6902416944503784 270 440 302 475 patient0067 19
patient0067_0021 0 0.5362661480903625 272 439 306 482 patient0067 21
patient0067_0033 0 0.2882618308067322 95 278 116 302 patient0067 33
patient0067_0037 0 0.4387133419513702 92 277 104 296 patient0067 37
patient0067_0040 0 0.3865157961845398 176 422 206 454 patient0067 40
patient0067_0041 0 0.544510006904602 177 423 209 458 patient0067 41
patient0067_0074 0 0.2893493175506592 289 125 319 143 patient0067 74
patient0067_0116 0 0.5642316341400146 54 164 82 198 patient0067 116
patient0067_0117 0 0.6070700287818909 54 165 82 200 patient0067 117
patient0067_0118 0 0.4504629671573639 54 171 82 203 patient0067 118
patient0067_0168 0 0.2698824107646942 191 302 204 320 patient0067 168
patient0067_0171 0 0.3428760468959808 193 311 209 322 patient0067 171
patient0067_0172 0 0.7995829582214355 191 307 208 324 patient0067 172
patient0067_0173 0 0.8201187252998352 189 303 211 325 patient0067 173
patient0067_0174 0 0.8330143690109253 184 298 215 326 patient0067 174
patient0067_0175 0 0.8343906998634338 185 297 213 327 patient0067 175
patient0067_0176 0 0.8525903820991516 184 295 216 327 patient0067 176
patient0067_0177 0 0.8445968627929688 182 294 216 328 patient0067 177
patient0067_0178 0 0.8166826367378235 181 292 217 329 patient0067 178
patient0067_0179 0 0.877364993095398 179 273 227 330 patient0067 179
patient0067_0180 0 0.8796001076698303 178 274 229 330 patient0067 180
patient0067_0181 0 0.8750637769699097 177 273 231 330 patient0067 181
patient0067_0182 0 0.8845825791358948 176 272 233 331 patient0067 182
patient0067_0183 0 0.887852668762207 176 271 234 331 patient0067 183
patient0067_0184 0 0.8976651430130005 173 271 234 331 patient0067 184
patient0067_0185 0 0.904609739780426 172 272 235 331 patient0067 185
patient0067_0186 0 0.897594153881073 169 271 237 331 patient0067 186
patient0067_0187 0 0.8943764567375183 168 271 237 331 patient0067 187
patient0067_0188 0 0.8834429383277893 167 271 239 331 patient0067 188
patient0067_0189 0 0.8896724581718445 167 272 240 332 patient0067 189
patient0067_0190 0 0.8817522525787354 167 273 238 332 patient0067 190
patient0067_0191 0 0.8733078837394714 167 274 238 332 patient0067 191
patient0067_0192 0 0.8400833010673523 164 273 240 333 patient0067 192
patient0067_0193 0 0.7597467303276062 168 272 241 333 patient0067 193
patient0067_0194 0 0.776478111743927 204 273 239 333 patient0067 194
patient0067_0195 0 0.8457603454589844 192 273 239 334 patient0067 195
patient0067_0196 0 0.8071125149726868 204 274 239 334 patient0067 196
patient0067_0197 0 0.8317193984985352 203 274 241 335 patient0067 197
patient0067_0198 0 0.8348919153213501 202 272 238 335 patient0067 198
patient0067_0199 0 0.8125935792922974 201 272 240 335 patient0067 199
patient0067_0200 0 0.8446229100227356 203 273 244 335 patient0067 200
patient0067_0201 0 0.8469810485839844 203 273 245 334 patient0067 201
patient0067_0202 0 0.828064501285553 202 272 246 335 patient0067 202
patient0067_0203 0 0.8383745551109314 201 271 247 336 patient0067 203
patient0067_0204 0 0.8517465591430664 202 271 244 336 patient0067 204
patient0067_0205 0 0.8378351926803589 202 270 243 335 patient0067 205
patient0067_0206 0 0.8073149919509888 201 270 239 335 patient0067 206
patient0067_0207 0 0.8181784749031067 200 270 239 335 patient0067 207
patient0067_0208 0 0.8267383575439453 196 269 239 335 patient0067 208
patient0067_0209 0 0.7404346466064453 197 269 238 334 patient0067 209
patient0067_0210 0 0.4440787732601166 222 266 238 288 patient0067 210
patient0067_0211 0 0.5163113474845886 221 266 236 286 patient0067 211
patient0067_0212 0 0.5063003301620483 222 267 236 284 patient0067 212
patient0067_0212 0 0.4500647783279419 192 268 236 335 patient0067 212
patient0067_0213 0 0.3931420147418976 220 268 236 285 patient0067 213
patient0067_0214 0 0.4882757663726806 207 270 234 287 patient0067 214
patient0067_0215 0 0.423014760017395 206 270 231 286 patient0067 215
patient0067_0216 0 0.636932909488678 209 269 233 285 patient0067 216
patient0067_0217 0 0.6864903569221497 212 269 231 283 patient0067 217
patient0067_0218 0 0.6295232772827148 214 268 229 282 patient0067 218
patient0067_0219 0 0.5703315734863281 213 270 228 282 patient0067 219
patient0067_0220 0 0.5851039290428162 213 271 226 281 patient0067 220
patient0067_0221 0 0.6401421427726746 213 271 225 281 patient0067 221
patient0067_0222 0 0.5778576135635376 209 272 221 281 patient0067 222
patient0067_0223 0 0.6236557960510254 209 272 220 281 patient0067 223
patient0068_0006 0 0.2839499413967132 39 63 56 79 patient0068 6
patient0068_0023 0 0.2756202220916748 200 286 224 307 patient0068 23
patient0068_0023 0 0.2649834752082824 435 336 460 367 patient0068 23
patient0068_0028 0 0.2532975375652313 12 207 26 223 patient0068 28
patient0068_0042 0 0.5418412089347839 315 409 333 422 patient0068 42
patient0068_0043 0 0.7016484141349792 335 405 352 426 patient0068 43
patient0068_0043 0 0.3042176961898803 318 403 340 424 patient0068 43
patient0068_0044 0 0.5372308492660522 319 399 335 423 patient0068 44
patient0068_0044 0 0.4677099585533142 336 409 353 425 patient0068 44
patient0068_0045 0 0.6282395124435425 319 401 334 420 patient0068 45
patient0068_0052 0 0.2813309729099273 291 410 311 429 patient0068 52
patient0068_0063 0 0.4684591591358185 235 71 255 93 patient0068 63
patient0068_0070 0 0.399905264377594 282 415 304 433 patient0068 70
patient0068_0071 0 0.2666316926479339 284 414 304 432 patient0068 71
patient0068_0077 0 0.2629534602165222 166 62 189 84 patient0068 77
patient0068_0118 0 0.2843765318393707 92 278 119 299 patient0068 118
patient0068_0163 0 0.3681068420410156 173 264 189 284 patient0068 163
patient0068_0164 0 0.7639077305793762 172 263 190 286 patient0068 164
patient0068_0165 0 0.8283743262290955 169 262 191 288 patient0068 165
patient0068_0166 0 0.8334597945213318 168 261 193 290 patient0068 166
patient0068_0167 0 0.8272621035575867 167 260 194 290 patient0068 167
patient0068_0168 0 0.8464642763137817 166 258 195 290 patient0068 168
patient0068_0169 0 0.8496515154838562 165 257 195 290 patient0068 169
patient0068_0170 0 0.8463913202285767 164 256 196 290 patient0068 170
patient0068_0171 0 0.8524302244186401 163 254 196 290 patient0068 171
patient0068_0172 0 0.842261791229248 161 232 203 291 patient0068 172
patient0068_0173 0 0.8730257153511047 159 228 209 292 patient0068 173
patient0068_0174 0 0.8691600561141968 158 235 211 292 patient0068 174
patient0068_0175 0 0.8644492626190186 157 232 212 292 patient0068 175
patient0068_0176 0 0.853371798992157 156 232 212 292 patient0068 176
patient0068_0177 0 0.8396546244621277 156 233 213 292 patient0068 177
patient0068_0178 0 0.8452825546264648 155 232 213 293 patient0068 178
patient0068_0179 0 0.8507611751556396 154 232 214 292 patient0068 179
patient0068_0180 0 0.8492651581764221 153 233 215 293 patient0068 180
patient0068_0181 0 0.8562428951263428 153 233 215 293 patient0068 181
patient0068_0182 0 0.8602590560913086 152 233 215 293 patient0068 182
patient0068_0183 0 0.8635751008987427 152 233 215 294 patient0068 183
patient0068_0184 0 0.873249351978302 152 233 216 294 patient0068 184
patient0068_0185 0 0.8626896739006042 153 233 216 294 patient0068 185
patient0068_0186 0 0.8629327416419983 168 234 215 294 patient0068 186
patient0068_0187 0 0.8611244559288025 174 234 215 294 patient0068 187
patient0068_0188 0 0.8563398718833923 176 233 216 295 patient0068 188
patient0068_0189 0 0.8412277698516846 185 234 219 295 patient0068 189
patient0068_0190 0 0.8503234386444092 186 234 225 294 patient0068 190
patient0068_0191 0 0.8563439249992371 186 234 224 295 patient0068 191
patient0068_0192 0 0.8538277745246887 186 232 224 294 patient0068 192
patient0068_0193 0 0.8452761173248291 184 231 223 295 patient0068 193
patient0068_0194 0 0.8498570919036865 184 230 223 294 patient0068 194
patient0068_0195 0 0.8618102669715881 183 230 222 292 patient0068 195
patient0068_0196 0 0.8586698770523071 183 231 221 293 patient0068 196
patient0068_0197 0 0.8356245160102844 182 230 221 292 patient0068 197
patient0068_0198 0 0.832367479801178 180 230 220 292 patient0068 198
patient0068_0199 0 0.8384990692138672 179 230 220 292 patient0068 199
patient0068_0200 0 0.8265784978866577 178 231 220 292 patient0068 200
patient0068_0200 0 0.4012317955493927 191 230 219 255 patient0068 200
patient0068_0201 0 0.7712292671203613 178 231 217 292 patient0068 201
patient0068_0201 0 0.549143373966217 191 231 218 253 patient0068 201
patient0068_0202 0 0.7406076788902283 192 232 216 252 patient0068 202
patient0068_0202 0 0.3274991810321808 178 232 217 292 patient0068 202
patient0068_0203 0 0.7705628871917725 192 233 216 251 patient0068 203
patient0068_0204 0 0.6923853158950806 191 234 210 248 patient0068 204
patient0068_0205 0 0.6337293386459351 191 234 206 247 patient0068 205
patient0068_0206 0 0.6009567975997925 192 234 204 246 patient0068 206
patient0068_0207 0 0.577540934085846 193 233 204 246 patient0068 207
patient0068_0208 0 0.5933082699775696 193 233 204 244 patient0068 208
patient0068_0209 0 0.6308126449584961 193 233 204 244 patient0068 209
patient0068_0210 0 0.6275322437286377 193 233 204 244 patient0068 210
patient0068_0211 0 0.5832332968711853 192 234 203 244 patient0068 211
patient0068_0212 0 0.3714395761489868 191 234 200 244 patient0068 212
patient0069_0004 0 0.2706462144851684 437 412 477 464 patient0069 4
patient0069_0013 0 0.3006104230880737 413 424 436 455 patient0069 13
patient0069_0017 0 0.3972095549106598 436 414 458 450 patient0069 17
patient0069_0018 0 0.6806979179382324 434 413 458 449 patient0069 18
patient0069_0024 0 0.6154747605323792 322 458 354 494 patient0069 24
patient0069_0024 0 0.471163809299469 153 336 180 374 patient0069 24
patient0069_0028 0 0.6698920726776123 170 370 186 389 patient0069 28
patient0069_0029 0 0.795417308807373 170 369 186 389 patient0069 29
patient0069_0029 0 0.357305109500885 66 32 102 61 patient0069 29
patient0069_0030 0 0.5662351846694946 169 368 185 389 patient0069 30
patient0069_0030 0 0.4453669786453247 68 25 103 60 patient0069 30
patient0069_0032 0 0.4096232056617737 167 363 190 396 patient0069 32
patient0069_0035 0 0.3031364679336548 165 362 187 389 patient0069 35
patient0069_0036 0 0.3634330630302429 89 235 112 255 patient0069 36
patient0069_0040 0 0.3746364116668701 72 174 89 198 patient0069 40
patient0069_0041 0 0.5491670370101929 73 177 89 198 patient0069 41
patient0069_0045 0 0.5912325978279114 68 180 86 198 patient0069 45
patient0069_0046 0 0.3318090736865997 69 184 86 198 patient0069 46
patient0069_0057 0 0.346940279006958 172 30 198 60 patient0069 57
patient0069_0059 0 0.299732357263565 172 29 199 60 patient0069 59
patient0069_0060 0 0.2962717413902282 405 399 418 414 patient0069 60
patient0069_0061 0 0.4623855650424957 450 288 481 322 patient0069 61
patient0069_0062 0 0.5576698184013367 143 243 171 264 patient0069 62
patient0069_0064 0 0.275231122970581 77 45 99 60 patient0069 64
patient0069_0065 0 0.2614371478557586 148 28 180 58 patient0069 65
patient0069_0066 0 0.447062999010086 147 31 179 60 patient0069 66
patient0069_0071 0 0.302746057510376 40 191 70 211 patient0069 71
patient0069_0072 0 0.2969583868980407 36 184 67 211 patient0069 72
patient0069_0081 0 0.7139363884925842 183 373 202 405 patient0069 81
patient0069_0089 0 0.2784943282604217 105 43 118 57 patient0069 89
patient0069_0091 0 0.4224790036678314 375 140 437 213 patient0069 91
patient0069_0097 0 0.2794412970542907 443 368 470 400 patient0069 97
patient0069_0099 0 0.331199586391449 82 53 119 97 patient0069 99
patient0069_0105 0 0.296328604221344 85 79 111 113 patient0069 105
patient0069_0167 0 0.2621086239814758 218 255 231 270 patient0069 167
patient0069_0169 0 0.4529768824577331 218 254 231 269 patient0069 169
patient0069_0169 0 0.3007393777370453 214 236 230 270 patient0069 169
patient0069_0170 0 0.3695581257343292 217 249 231 269 patient0069 170
patient0069_0171 0 0.3662665784358978 214 232 229 258 patient0069 171
patient0069_0172 0 0.737689733505249 212 229 229 254 patient0069 172
patient0069_0173 0 0.7926034927368164 212 224 230 256 patient0069 173
patient0069_0174 0 0.6326337456703186 213 221 230 260 patient0069 174
patient0069_0175 0 0.8028122782707214 212 220 232 263 patient0069 175
patient0069_0176 0 0.782957911491394 211 199 260 265 patient0069 176
patient0069_0176 0 0.6546110510826111 212 217 233 265 patient0069 176
patient0069_0177 0 0.8126600980758667 210 199 263 266 patient0069 177
patient0069_0177 0 0.7630438208580017 212 217 234 265 patient0069 177
patient0069_0178 0 0.8389812111854553 212 203 264 267 patient0069 178
patient0069_0179 0 0.8537918329238892 212 203 267 269 patient0069 179
patient0069_0180 0 0.8398224711418152 211 202 268 270 patient0069 180
patient0069_0181 0 0.8604637980461121 210 201 268 271 patient0069 181
patient0069_0182 0 0.8751271367073059 209 200 269 271 patient0069 182
patient0069_0183 0 0.8692705631256104 209 199 273 271 patient0069 183
patient0069_0184 0 0.8784010410308838 209 199 273 272 patient0069 184
patient0069_0185 0 0.8766597509384155 208 199 273 272 patient0069 185
patient0069_0186 0 0.8770177364349365 206 199 273 272 patient0069 186
patient0069_0187 0 0.8754593729972839 207 200 275 274 patient0069 187
patient0069_0188 0 0.8570407629013062 206 199 275 275 patient0069 188
patient0069_0189 0 0.8479858040809631 204 196 275 274 patient0069 189
patient0069_0190 0 0.8631481528282166 205 196 275 273 patient0069 190
patient0069_0191 0 0.8450868725776672 206 196 275 272 patient0069 191
patient0069_0192 0 0.8320413827896118 220 206 274 272 patient0069 192
patient0069_0193 0 0.8456714153289795 222 213 274 272 patient0069 193
patient0069_0194 0 0.8475831151008606 225 214 274 272 patient0069 194
patient0069_0195 0 0.8421675562858582 225 213 275 272 patient0069 195
patient0069_0196 0 0.8624706864356995 228 213 277 272 patient0069 196
patient0069_0197 0 0.8604165315628052 228 211 277 272 patient0069 197
patient0069_0198 0 0.8635944128036499 230 210 278 272 patient0069 198
patient0069_0199 0 0.8721979260444641 230 209 278 272 patient0069 199
patient0069_0200 0 0.8774957060813904 230 208 279 272 patient0069 200
patient0069_0201 0 0.8764066696166992 229 207 279 272 patient0069 201
patient0069_0202 0 0.8718098998069763 231 207 281 272 patient0069 202
patient0069_0203 0 0.8375423550605774 231 208 282 271 patient0069 203
patient0069_0204 0 0.851191520690918 231 208 281 272 patient0069 204
patient0069_0205 0 0.8382483720779419 231 205 282 272 patient0069 205
patient0069_0206 0 0.8440455198287964 230 205 280 272 patient0069 206
patient0069_0206 0 0.3196855783462524 264 207 282 232 patient0069 206
patient0069_0207 0 0.8694868087768555 231 204 281 271 patient0069 207
patient0069_0208 0 0.8544561862945557 230 204 281 272 patient0069 208
patient0069_0209 0 0.8534164428710938 226 202 283 272 patient0069 209
patient0069_0210 0 0.840609073638916 227 201 283 272 patient0069 210
patient0069_0211 0 0.8407894968986511 227 202 283 271 patient0069 211
patient0069_0212 0 0.8275059461593628 227 202 279 270 patient0069 212
patient0069_0212 0 0.6057060956954956 260 204 280 223 patient0069 212
patient0069_0213 0 0.8098355531692505 227 203 277 269 patient0069 213
patient0069_0213 0 0.5294777154922485 260 205 277 220 patient0069 213
patient0069_0214 0 0.8006033897399902 226 202 277 269 patient0069 214
patient0069_0214 0 0.6239870190620422 264 204 277 219 patient0069 214
patient0069_0215 0 0.8269620537757874 227 200 277 268 patient0069 215
patient0069_0215 0 0.553625762462616 264 201 276 218 patient0069 215
patient0069_0216 0 0.7470422983169556 226 200 278 268 patient0069 216
patient0069_0216 0 0.6352323889732361 264 200 276 216 patient0069 216
patient0069_0217 0 0.5773447751998901 263 199 274 215 patient0069 217
patient0069_0217 0 0.5110152959823608 225 201 276 267 patient0069 217
patient0069_0218 0 0.698664665222168 262 199 273 214 patient0069 218
patient0069_0219 0 0.6122811436653137 261 199 273 214 patient0069 219
patient0069_0220 0 0.7054046392440796 260 198 271 214 patient0069 220
patient0070_0017 0 0.4338721036911011 362 448 379 468 patient0070 17
patient0070_0018 0 0.4217906594276428 359 447 378 468 patient0070 18
patient0070_0019 0 0.6013827919960022 358 447 377 469 patient0070 19
patient0070_0022 0 0.3471535742282867 356 448 371 468 patient0070 22
patient0070_0158 0 0.6344022154808044 287 179 321 207 patient0070 158
patient0070_0159 0 0.6558431386947632 287 178 321 207 patient0070 159
patient0070_0159 0 0.254641979932785 248 180 265 199 patient0070 159
patient0070_0160 0 0.4258206784725189 287 177 320 206 patient0070 160
patient0070_0161 0 0.3258553743362427 286 177 320 207 patient0070 161
patient0070_0185 0 0.517045795917511 272 165 295 198 patient0070 185
patient0070_0185 0 0.3176467716693878 238 175 252 196 patient0070 185
patient0070_0186 0 0.309346467256546 271 165 300 199 patient0070 186
patient0070_0187 0 0.2580841481685638 270 165 297 198 patient0070 187
patient0070_0188 0 0.3182630836963653 269 165 294 197 patient0070 188
patient0071_0004 0 0.2673683762550354 142 185 164 205 patient0071 4
patient0071_0050 0 0.3287440538406372 387 224 409 243 patient0071 50
patient0071_0197 0 0.8222993612289429 182 261 200 284 patient0071 197
patient0071_0198 0 0.8131976127624512 182 258 201 287 patient0071 198
patient0071_0199 0 0.8148807883262634 183 256 202 288 patient0071 199
patient0071_0200 0 0.8516064286231995 182 254 204 291 patient0071 200
patient0071_0201 0 0.8612721562385559 182 253 205 292 patient0071 201
patient0071_0202 0 0.8473553657531738 181 252 206 293 patient0071 202
patient0071_0203 0 0.8630948662757874 181 250 207 293 patient0071 203
patient0071_0204 0 0.8678767085075378 182 249 207 293 patient0071 204
patient0071_0205 0 0.7750858068466187 182 243 229 295 patient0071 205
patient0071_0206 0 0.8670588731765747 182 237 227 295 patient0071 206
patient0071_0207 0 0.8581711053848267 181 235 228 296 patient0071 207
patient0071_0208 0 0.862193763256073 181 235 231 296 patient0071 208
patient0071_0209 0 0.8672584891319275 181 235 234 297 patient0071 209
patient0071_0210 0 0.8610528707504272 180 235 234 297 patient0071 210
patient0071_0211 0 0.8700652718544006 180 234 233 297 patient0071 211
patient0071_0212 0 0.8752361536026001 180 236 235 298 patient0071 212
patient0071_0213 0 0.8759668469429016 180 237 236 298 patient0071 213
patient0071_0214 0 0.8827527761459351 181 238 236 299 patient0071 214
patient0071_0215 0 0.8725108504295349 180 237 236 299 patient0071 215
patient0071_0216 0 0.8766018152236938 179 236 236 299 patient0071 216
patient0071_0217 0 0.8781484365463257 178 236 236 299 patient0071 217
patient0071_0218 0 0.8848742842674255 177 235 238 300 patient0071 218
patient0071_0219 0 0.8861023783683777 177 234 240 300 patient0071 219
patient0071_0220 0 0.848296046257019 179 236 241 301 patient0071 220
patient0071_0221 0 0.8333422541618347 193 246 243 301 patient0071 221
patient0071_0222 0 0.8577900528907776 196 247 243 302 patient0071 222
patient0071_0223 0 0.8714689612388611 197 247 242 302 patient0071 223
patient0071_0224 0 0.8720757365226746 196 247 243 302 patient0071 224
patient0071_0225 0 0.8744325637817383 196 246 243 302 patient0071 225
patient0071_0226 0 0.8669726252555847 196 246 243 301 patient0071 226
patient0071_0227 0 0.8706191778182983 195 245 243 301 patient0071 227
patient0071_0228 0 0.8649258613586426 195 246 243 300 patient0071 228
patient0071_0229 0 0.8650040030479431 195 246 244 299 patient0071 229
patient0071_0230 0 0.8621887564659119 195 245 244 299 patient0071 230
patient0071_0231 0 0.8332415223121643 195 244 244 299 patient0071 231
patient0071_0231 0 0.3568744361400604 216 244 245 265 patient0071 231
patient0071_0232 0 0.7345978617668152 220 245 245 264 patient0071 232
patient0071_0232 0 0.6827302575111389 195 245 244 299 patient0071 232
patient0071_0233 0 0.7674444913864136 221 245 244 264 patient0071 233
patient0071_0233 0 0.6685006618499756 193 244 244 298 patient0071 233
patient0071_0234 0 0.761981725692749 220 245 244 263 patient0071 234
patient0071_0234 0 0.518694281578064 192 244 244 298 patient0071 234
patient0071_0235 0 0.7322695851325989 222 246 242 262 patient0071 235
patient0071_0236 0 0.737119197845459 225 247 240 260 patient0071 236
patient0071_0237 0 0.7375699877738953 224 247 239 259 patient0071 237
patient0071_0238 0 0.7246636748313904 224 246 238 259 patient0071 238
patient0071_0239 0 0.6870840191841125 225 246 238 258 patient0071 239
patient0071_0240 0 0.6873064041137695 225 243 238 258 patient0071 240
patient0071_0241 0 0.6912392973899841 226 243 238 257 patient0071 241
patient0071_0242 0 0.6687537431716919 226 243 237 256 patient0071 242
patient0071_0243 0 0.7042272686958313 226 243 236 257 patient0071 243
patient0071_0244 0 0.5782691240310669 225 243 236 258 patient0071 244
patient0071_0245 0 0.295474648475647 225 246 235 259 patient0071 245
patient0072_0011 0 0.3784064352512359 207 253 239 293 patient0072 11
patient0072_0015 0 0.7038679718971252 190 236 214 263 patient0072 15
patient0072_0029 0 0.3837578892707824 127 493 144 512 patient0072 29
patient0072_0033 0 0.2692890167236328 109 316 122 335 patient0072 33
patient0072_0034 0 0.2558366656303406 105 316 120 332 patient0072 34
patient0072_0039 0 0.2969611883163452 462 291 478 315 patient0072 39
patient0072_0046 0 0.4398916065692901 130 475 163 512 patient0072 46
patient0072_0046 0 0.3708103597164154 455 295 482 333 patient0072 46
patient0072_0048 0 0.3963985443115234 455 298 474 326 patient0072 48
patient0072_0052 0 0.4076297581195831 450 301 480 341 patient0072 52
patient0072_0055 0 0.2612116634845733 64 260 90 294 patient0072 55
patient0072_0062 0 0.3839845657348633 438 316 465 372 patient0072 62
patient0072_0063 0 0.4648109078407287 438 317 464 362 patient0072 63
patient0072_0069 0 0.2600333988666534 431 330 458 371 patient0072 69
patient0072_0070 0 0.3551601469516754 428 334 455 372 patient0072 70
patient0072_0091 0 0.2613653540611267 235 296 259 327 patient0072 91
patient0072_0097 0 0.4732818305492401 229 299 254 337 patient0072 97
patient0072_0098 0 0.6104539036750793 226 299 253 346 patient0072 98
patient0073_0004 0 0.2693058848381042 142 146 158 164 patient0073 4
patient0073_0019 0 0.3032833337783813 389 328 403 351 patient0073 19
patient0073_0019 0 0.3007329404354095 439 195 463 242 patient0073 19
patient0073_0047 0 0.3106241524219513 230 443 249 463 patient0073 47
patient0073_0086 0 0.301136702299118 206 113 218 135 patient0073 86
patient0073_0093 0 0.7230404019355774 297 231 320 282 patient0073 93
patient0073_0096 0 0.6774590015411377 146 199 180 241 patient0073 96
patient0073_0097 0 0.7115260362625122 145 198 179 241 patient0073 97
patient0073_0101 0 0.7135610580444336 66 106 99 151 patient0073 101
patient0073_0102 0 0.6442992091178894 68 103 100 151 patient0073 102
patient0073_0142 0 0.2928462326526642 212 267 227 284 patient0073 142
patient0073_0143 0 0.3442505300045013 211 265 226 283 patient0073 143
patient0073_0144 0 0.3408094942569732 212 265 226 283 patient0073 144
patient0073_0148 0 0.3602955937385559 208 261 224 283 patient0073 148
patient0073_0150 0 0.5725383758544922 204 260 223 283 patient0073 150
patient0073_0151 0 0.8017914295196533 201 256 224 284 patient0073 151
patient0073_0152 0 0.8349147439002991 200 255 226 286 patient0073 152
patient0073_0153 0 0.8188858032226562 199 252 227 286 patient0073 153
patient0073_0154 0 0.8298456072807312 199 250 227 288 patient0073 154
patient0073_0155 0 0.8332827091217041 200 250 227 289 patient0073 155
patient0073_0156 0 0.839192807674408 199 248 229 290 patient0073 156
patient0073_0157 0 0.8163018226623535 199 247 229 291 patient0073 157
patient0073_0158 0 0.8226972818374634 199 245 229 291 patient0073 158
patient0073_0159 0 0.8490793704986572 199 245 228 291 patient0073 159
patient0073_0160 0 0.8432064056396484 198 244 228 291 patient0073 160
patient0073_0161 0 0.8351805210113525 198 243 229 292 patient0073 161
patient0073_0162 0 0.8373314738273621 198 243 229 292 patient0073 162
patient0073_0163 0 0.8118880391120911 196 242 229 293 patient0073 163
patient0073_0164 0 0.8190787434577942 194 240 230 294 patient0073 164
patient0073_0165 0 0.8590284585952759 192 231 247 295 patient0073 165
patient0073_0166 0 0.8709316253662109 192 231 248 295 patient0073 166
patient0073_0167 0 0.8798237442970276 191 230 248 295 patient0073 167
patient0073_0168 0 0.8762778639793396 190 229 249 295 patient0073 168
patient0073_0169 0 0.8797211050987244 189 230 249 296 patient0073 169
patient0073_0170 0 0.8817810416221619 189 229 249 296 patient0073 170
patient0073_0171 0 0.8932647109031677 188 230 251 296 patient0073 171
patient0073_0172 0 0.8970717787742615 188 230 252 296 patient0073 172
patient0073_0173 0 0.900867223739624 187 231 251 297 patient0073 173
patient0073_0174 0 0.8696700930595398 187 231 251 297 patient0073 174
patient0073_0175 0 0.8587915301322937 197 232 251 297 patient0073 175
patient0073_0176 0 0.8557146191596985 199 233 251 297 patient0073 176
patient0073_0177 0 0.8490381240844727 204 233 251 297 patient0073 177
patient0073_0178 0 0.854932427406311 206 233 252 297 patient0073 178
patient0073_0179 0 0.8290661573410034 208 232 253 297 patient0073 179
patient0073_0180 0 0.8377423882484436 217 233 251 298 patient0073 180
patient0073_0181 0 0.8573231101036072 216 233 252 298 patient0073 181
patient0073_0182 0 0.8617370128631592 215 233 252 299 patient0073 182
patient0073_0183 0 0.8677672743797302 213 233 252 300 patient0073 183
patient0073_0184 0 0.8736318945884705 213 233 252 299 patient0073 184
patient0073_0185 0 0.884649932384491 211 233 252 299 patient0073 185
patient0073_0186 0 0.8887771964073181 210 231 256 298 patient0073 186
patient0073_0187 0 0.8889926075935364 210 231 257 298 patient0073 187
patient0073_0188 0 0.8697914481163025 206 232 258 298 patient0073 188
patient0073_0189 0 0.8666051030158997 207 233 259 297 patient0073 189
patient0073_0190 0 0.6161196231842041 207 232 259 297 patient0073 190
patient0073_0190 0 0.502328634262085 232 234 259 273 patient0073 190
patient0073_0191 0 0.7028065919876099 229 231 259 274 patient0073 191
patient0073_0192 0 0.8163807988166809 227 231 258 271 patient0073 192
patient0073_0193 0 0.7907014489173889 227 231 258 267 patient0073 193
patient0073_0194 0 0.7901798486709595 226 231 257 264 patient0073 194
patient0073_0195 0 0.7484902143478394 230 234 256 261 patient0073 195
patient0073_0196 0 0.8078026175498962 227 232 256 260 patient0073 196
patient0073_0197 0 0.808504045009613 226 231 256 259 patient0073 197
patient0073_0198 0 0.7543299794197083 234 233 256 259 patient0073 198
patient0073_0199 0 0.7041943073272705 234 233 254 256 patient0073 199
patient0073_0200 0 0.771345317363739 230 233 254 255 patient0073 200
patient0073_0201 0 0.731132447719574 230 233 253 254 patient0073 201
patient0073_0202 0 0.7774612903594971 229 234 253 254 patient0073 202
patient0073_0203 0 0.797380268573761 229 235 251 253 patient0073 203
patient0073_0204 0 0.7994623184204102 229 235 248 252 patient0073 204
patient0073_0205 0 0.7511947751045227 230 235 246 251 patient0073 205
patient0073_0206 0 0.671251118183136 231 236 245 250 patient0073 206
patient0073_0207 0 0.6936818957328796 231 233 245 250 patient0073 207
patient0073_0208 0 0.705070436000824 230 234 243 249 patient0073 208
patient0073_0209 0 0.7619754672050476 229 236 241 248 patient0073 209
patient0073_0210 0 0.7489206790924072 228 237 241 248 patient0073 210
patient0074_0001 0 0.3032302260398865 113 302 141 325 patient0074 1
patient0074_0002 0 0.358879029750824 113 303 139 325 patient0074 2
patient0074_0015 0 0.401368111371994 407 359 434 387 patient0074 15
patient0074_0019 0 0.2867483794689178 393 347 411 364 patient0074 19
patient0074_0020 0 0.3332895636558532 125 272 146 289 patient0074 20
patient0074_0026 0 0.5618305206298828 179 221 204 242 patient0074 26
patient0074_0027 0 0.4044277369976043 178 223 203 242 patient0074 27
patient0074_0028 0 0.2804481387138366 398 250 435 286 patient0074 28
patient0074_0048 0 0.2548412382602691 209 112 227 130 patient0074 48
patient0074_0060 0 0.3473049998283386 183 110 204 134 patient0074 60
patient0074_0061 0 0.282682865858078 185 112 204 134 patient0074 61
patient0074_0088 0 0.4968996345996856 172 255 187 271 patient0074 88
patient0074_0140 0 0.2794599235057831 204 276 216 298 patient0074 140
patient0074_0141 0 0.2541213929653168 201 271 215 292 patient0074 141
patient0074_0142 0 0.2827387452125549 201 271 215 293 patient0074 142
patient0074_0143 0 0.5257469415664673 201 274 215 295 patient0074 143
patient0074_0144 0 0.4305466711521148 201 275 215 296 patient0074 144
patient0074_0145 0 0.3240413069725036 205 274 216 295 patient0074 145
patient0074_0146 0 0.7746264934539795 204 272 218 294 patient0074 146
patient0074_0146 0 0.5379058122634888 150 309 167 327 patient0074 146
patient0074_0147 0 0.8221913576126099 202 270 220 297 patient0074 147
patient0074_0147 0 0.7027605772018433 149 305 166 326 patient0074 147
patient0074_0148 0 0.8186385631561279 202 255 242 298 patient0074 148
patient0074_0148 0 0.7327461242675781 202 268 220 298 patient0074 148
patient0074_0148 0 0.6309579014778137 149 304 166 325 patient0074 148
patient0074_0149 0 0.8550254106521606 201 255 243 300 patient0074 149
patient0074_0149 0 0.436148464679718 148 303 166 324 patient0074 149
patient0074_0150 0 0.8824638724327087 200 252 243 300 patient0074 150
patient0074_0151 0 0.8776224255561829 199 253 245 301 patient0074 151
patient0074_0152 0 0.8872998952865601 197 251 245 302 patient0074 152
patient0074_0153 0 0.8852956295013428 197 250 246 303 patient0074 153
patient0074_0154 0 0.8868452310562134 196 251 247 304 patient0074 154
patient0074_0155 0 0.8859317898750305 196 252 247 304 patient0074 155
patient0074_0156 0 0.8767129778862 194 251 247 305 patient0074 156
patient0074_0157 0 0.8787733912467957 194 252 248 305 patient0074 157
patient0074_0158 0 0.8684272766113281 193 252 248 305 patient0074 158
patient0074_0159 0 0.8708925843238831 191 251 249 305 patient0074 159
patient0074_0160 0 0.8707262277603149 191 251 247 306 patient0074 160
patient0074_0161 0 0.8417304158210754 191 254 247 305 patient0074 161
patient0074_0162 0 0.8217897415161133 206 256 247 305 patient0074 162
patient0074_0163 0 0.836320698261261 209 258 247 306 patient0074 163
patient0074_0164 0 0.8329121470451355 211 258 247 306 patient0074 164
patient0074_0165 0 0.8398653864860535 212 257 247 306 patient0074 165
patient0074_0166 0 0.8484770059585571 215 257 246 306 patient0074 166
patient0074_0167 0 0.837412416934967 215 258 246 306 patient0074 167
patient0074_0168 0 0.8555939197540283 211 258 247 307 patient0074 168
patient0074_0169 0 0.8502610921859741 212 258 248 307 patient0074 169
patient0074_0170 0 0.8499612212181091 213 257 247 307 patient0074 170
patient0074_0171 0 0.8464412689208984 212 258 246 307 patient0074 171
patient0074_0172 0 0.8383979201316833 213 259 246 307 patient0074 172
patient0074_0173 0 0.8375787138938904 214 256 247 307 patient0074 173
patient0074_0174 0 0.8448742628097534 213 254 248 307 patient0074 174
patient0074_0175 0 0.8510012030601501 214 251 251 307 patient0074 175
patient0074_0176 0 0.84535151720047 214 252 252 307 patient0074 176
patient0074_0177 0 0.848135769367218 214 254 255 306 patient0074 177
patient0074_0178 0 0.8656901121139526 216 253 253 306 patient0074 178
patient0074_0179 0 0.8653817176818848 215 252 252 305 patient0074 179
patient0074_0180 0 0.865119218826294 214 251 251 305 patient0074 180
patient0074_0181 0 0.8553938269615173 215 251 251 304 patient0074 181
patient0074_0182 0 0.8421519994735718 215 251 251 304 patient0074 182
patient0074_0183 0 0.8395494818687439 213 251 251 303 patient0074 183
patient0074_0184 0 0.7892901301383972 213 250 250 303 patient0074 184
patient0074_0185 0 0.6902002692222595 237 250 250 263 patient0074 185
patient0074_0186 0 0.6928189992904663 236 250 248 263 patient0074 186
patient0074_0187 0 0.6370442509651184 234 250 245 262 patient0074 187
patient0074_0188 0 0.6232982873916626 234 249 244 261 patient0074 188
patient0074_0189 0 0.6378837823867798 234 249 243 261 patient0074 189
patient0074_0190 0 0.6201038956642151 231 249 242 260 patient0074 190
patient0074_0191 0 0.5875488519668579 230 248 241 260 patient0074 191
patient0074_0192 0 0.5726209878921509 230 248 240 260 patient0074 192
patient0074_0193 0 0.5638846158981323 230 248 239 260 patient0074 193
patient0075_0008 0 0.360465943813324 250 320 268 333 patient0075 8
patient0075_0017 0 0.3014670610427856 271 330 301 352 patient0075 17
patient0076_0001 0 0.4684629142284393 107 419 124 442 patient0076 1
patient0076_0001 0 0.4104537069797516 313 390 328 405 patient0076 1
patient0076_0002 0 0.3660274446010589 313 391 329 405 patient0076 2
patient0076_0002 0 0.2604004740715027 104 419 126 443 patient0076 2
patient0076_0016 0 0.3505861461162567 152 331 189 383 patient0076 16
patient0076_0023 0 0.2940122187137604 298 415 328 449 patient0076 23
patient0076_0024 0 0.3030189275741577 299 416 327 450 patient0076 24
patient0076_0027 0 0.2546146512031555 300 417 324 449 patient0076 27
patient0076_0314 0 0.5276740193367004 228 345 243 365 patient0076 314
patient0076_0315 0 0.5768607258796692 227 343 243 364 patient0076 315
patient0077_0002 0 0.4089284539222717 377 388 397 409 patient0077 2
patient0077_0003 0 0.717402994632721 130 214 148 230 patient0077 3
patient0077_0004 0 0.7269408702850342 131 214 148 230 patient0077 4
patient0077_0005 0 0.5965089201927185 131 216 148 231 patient0077 5
patient0077_0006 0 0.3151539862155914 135 220 150 234 patient0077 6
patient0077_0007 0 0.4247638285160064 136 223 149 237 patient0077 7
patient0077_0011 0 0.5314345359802246 134 241 153 268 patient0077 11
patient0077_0012 0 0.5426469445228577 135 241 155 269 patient0077 12
patient0077_0022 0 0.4144803583621979 201 409 220 440 patient0077 22
patient0077_0023 0 0.2861024141311645 202 410 220 438 patient0077 23
patient0077_0037 0 0.4230690002441406 295 291 315 313 patient0077 37
patient0077_0153 0 0.4010278582572937 210 245 233 273 patient0077 153
patient0077_0154 0 0.2893441617488861 214 243 231 267 patient0077 154
patient0077_0155 0 0.2538178265094757 214 242 231 267 patient0077 155
patient0077_0158 0 0.5169636607170105 212 236 228 263 patient0077 158
patient0077_0159 0 0.742755115032196 212 238 228 263 patient0077 159
patient0077_0160 0 0.8112576007843018 212 237 228 264 patient0077 160
patient0077_0161 0 0.8113577365875244 209 234 230 266 patient0077 161
patient0077_0162 0 0.8398729562759399 207 232 232 269 patient0077 162
patient0077_0163 0 0.8415506482124329 207 232 233 269 patient0077 163
patient0077_0164 0 0.8499345779418945 206 230 234 270 patient0077 164
patient0077_0165 0 0.8451098799705505 205 230 235 271 patient0077 165
patient0077_0166 0 0.8007948398590088 204 212 247 272 patient0077 166
patient0077_0167 0 0.8702407479286194 202 208 253 273 patient0077 167
patient0077_0168 0 0.874399721622467 201 208 256 274 patient0077 168
patient0077_0169 0 0.8811075091362 200 208 256 274 patient0077 169
patient0077_0170 0 0.887801468372345 199 208 258 274 patient0077 170
patient0077_0171 0 0.8980491757392883 197 207 260 274 patient0077 171
patient0077_0172 0 0.8923102021217346 195 206 261 275 patient0077 172
patient0077_0173 0 0.880774199962616 193 206 262 275 patient0077 173
patient0077_0174 0 0.888615608215332 193 205 263 275 patient0077 174
patient0077_0175 0 0.8909273147583008 191 206 263 275 patient0077 175
patient0077_0176 0 0.8912016749382019 190 206 263 275 patient0077 176
patient0077_0177 0 0.8912478089332581 189 206 264 275 patient0077 177
patient0077_0178 0 0.893217921257019 189 206 265 276 patient0077 178
patient0077_0179 0 0.8949413299560547 189 205 265 275 patient0077 179
patient0077_0180 0 0.8879479765892029 189 204 266 275 patient0077 180
patient0077_0181 0 0.8830158114433289 188 204 266 275 patient0077 181
patient0077_0182 0 0.8903416991233826 189 204 266 275 patient0077 182
patient0077_0183 0 0.8854129910469055 208 205 266 275 patient0077 183
patient0077_0184 0 0.7942845821380615 216 204 267 275 patient0077 184
patient0077_0185 0 0.8388254642486572 228 204 270 276 patient0077 185
patient0077_0186 0 0.8589439392089844 230 204 275 275 patient0077 186
patient0077_0187 0 0.8628831505775452 230 205 275 274 patient0077 187
patient0077_0188 0 0.8618849515914917 230 204 277 274 patient0077 188
patient0077_0189 0 0.8726003170013428 231 204 279 273 patient0077 189
patient0077_0190 0 0.8742645978927612 230 204 279 273 patient0077 190
patient0077_0191 0 0.8768023252487183 228 202 282 274 patient0077 191
patient0077_0192 0 0.865961492061615 227 202 281 274 patient0077 192
patient0077_0193 0 0.854397177696228 226 202 278 274 patient0077 193
patient0077_0194 0 0.8425570130348206 226 201 276 274 patient0077 194
patient0077_0195 0 0.8527408838272095 226 200 273 274 patient0077 195
patient0077_0196 0 0.8603420853614807 224 200 272 273 patient0077 196
patient0077_0197 0 0.8327730894088745 223 200 272 273 patient0077 197
patient0077_0198 0 0.8177375793457031 220 200 272 273 patient0077 198
patient0077_0199 0 0.5013717412948608 218 201 272 272 patient0077 199
patient0077_0200 0 0.543557345867157 237 201 271 225 patient0077 200
patient0077_0201 0 0.6884049773216248 236 202 265 225 patient0077 201
patient0077_0202 0 0.6822147369384766 236 203 260 224 patient0077 202
patient0077_0203 0 0.6947176456451416 236 203 258 223 patient0077 203
patient0077_0204 0 0.6095767617225647 236 202 259 220 patient0077 204
patient0077_0205 0 0.6977163553237915 237 202 257 219 patient0077 205
patient0077_0206 0 0.6935840249061584 237 203 256 217 patient0077 206
patient0077_0207 0 0.6317323446273804 235 203 254 216 patient0077 207
patient0077_0208 0 0.6412179470062256 234 204 252 215 patient0077 208
patient0077_0209 0 0.6111322641372681 235 204 250 214 patient0077 209
patient0077_0210 0 0.724928081035614 237 203 250 213 patient0077 210
patient0077_0211 0 0.7234115600585938 236 203 249 214 patient0077 211
patient0077_0212 0 0.7091554403305054 236 204 248 214 patient0077 212
patient0077_0213 0 0.6313923597335815 236 204 248 214 patient0077 213
patient0077_0214 0 0.615195095539093 235 205 250 216 patient0077 214
patient0077_0215 0 0.6746996641159058 235 206 249 218 patient0077 215
patient0077_0216 0 0.5990222692489624 234 206 249 219 patient0077 216
patient0077_0217 0 0.4242535829544067 222 211 251 261 patient0077 217
patient0077_0218 0 0.6546282768249512 222 213 249 260 patient0077 218
patient0078_0011 0 0.429127037525177 463 245 488 263 patient0078 11
patient0078_0014 0 0.257264643907547 405 369 445 431 patient0078 14
patient0078_0016 0 0.4457901120185852 161 367 199 407 patient0078 16
patient0078_0097 0 0.5651056170463562 187 244 219 281 patient0078 97
patient0079_0007 0 0.3928280472755432 96 218 124 249 patient0079 7
patient0079_0007 0 0.3871057033538818 427 319 454 349 patient0079 7
patient0079_0007 0 0.2721563875675201 178 189 198 204 patient0079 7
patient0079_0012 0 0.3685833215713501 206 287 231 308 patient0079 12
patient0079_0013 0 0.3789819180965423 206 289 230 307 patient0079 13
patient0079_0014 0 0.5100122690200806 208 292 227 306 patient0079 14
patient0079_0015 0 0.4308541417121887 207 293 227 306 patient0079 15
patient0079_0030 0 0.2653179466724396 426 354 443 367 patient0079 30
patient0079_0031 0 0.2812841236591339 425 355 445 368 patient0079 31
patient0080_0020 0 0.3132025897502899 180 417 199 442 patient0080 20
patient0080_0022 0 0.4811209738254547 111 269 134 301 patient0080 22
patient0080_0024 0 0.5566474199295044 176 417 199 440 patient0080 24
patient0080_0026 0 0.2586614191532135 235 356 259 373 patient0080 26
patient0080_0065 0 0.2863432466983795 150 414 169 437 patient0080 65
patient0081_0016 0 0.3311430513858795 471 379 485 396 patient0081 16
patient0081_0022 0 0.3796060681343078 427 392 443 416 patient0081 22
patient0081_0024 0 0.5994794368743896 428 394 443 415 patient0081 24
patient0081_0025 0 0.6277658343315125 429 393 443 414 patient0081 25
patient0081_0026 0 0.6003963351249695 430 394 445 414 patient0081 26
patient0081_0027 0 0.5840145349502563 430 396 445 413 patient0081 27
patient0081_0028 0 0.610740065574646 432 397 444 413 patient0081 28
patient0081_0029 0 0.5355427861213684 433 397 445 413 patient0081 29
patient0081_0030 0 0.4869056940078735 434 398 446 413 patient0081 30
patient0081_0031 0 0.2951365709304809 434 397 447 413 patient0081 31
patient0081_0032 0 0.2875527441501617 350 104 376 121 patient0081 32
patient0081_0037 0 0.5543639659881592 409 394 435 416 patient0081 37
patient0081_0072 0 0.4750033617019653 306 110 319 124 patient0081 72
patient0081_0172 0 0.3543439507484436 206 342 218 362 patient0081 172
patient0081_0173 0 0.5015363693237305 202 338 216 362 patient0081 173
patient0081_0174 0 0.3372374176979065 200 340 216 363 patient0081 174
patient0081_0198 0 0.6956430077552795 218 281 230 302 patient0081 198
patient0081_0199 0 0.8090935349464417 218 277 231 304 patient0081 199
patient0081_0200 0 0.8169118762016296 218 276 232 305 patient0081 200
patient0081_0201 0 0.8099022507667542 217 274 233 307 patient0081 201
patient0081_0202 0 0.8219377398490906 217 272 234 309 patient0081 202
patient0081_0203 0 0.8223592042922974 217 271 235 310 patient0081 203
patient0081_0204 0 0.8092688918113708 217 270 237 311 patient0081 204
patient0081_0205 0 0.8016513586044312 217 269 239 312 patient0081 205
patient0081_0206 0 0.8240041732788086 217 268 239 313 patient0081 206
patient0081_0207 0 0.8556093573570251 216 253 261 315 patient0081 207
patient0081_0207 0 0.6276944875717163 217 267 240 314 patient0081 207
patient0081_0208 0 0.8405739068984985 216 254 262 315 patient0081 208
patient0081_0208 0 0.4812795221805572 217 266 240 315 patient0081 208
patient0081_0209 0 0.8604406714439392 215 253 266 316 patient0081 209
patient0081_0210 0 0.8707228899002075 214 252 268 316 patient0081 210
patient0081_0211 0 0.8793506622314453 214 252 270 317 patient0081 211
patient0081_0212 0 0.8631516098976135 213 251 272 317 patient0081 212
patient0081_0213 0 0.8762848973274231 213 252 271 317 patient0081 213
patient0081_0214 0 0.8786365985870361 212 252 272 317 patient0081 214
patient0081_0215 0 0.8868740200996399 212 253 272 318 patient0081 215
patient0081_0216 0 0.8950318098068237 211 254 273 318 patient0081 216
patient0081_0217 0 0.9035587906837464 210 253 274 318 patient0081 217
patient0081_0218 0 0.9018406867980956 209 252 274 319 patient0081 218
patient0081_0219 0 0.8987071514129639 209 253 275 319 patient0081 219
patient0081_0220 0 0.9070603847503662 207 254 275 319 patient0081 220
patient0081_0221 0 0.910219669342041 206 254 275 320 patient0081 221
patient0081_0222 0 0.9048208594322203 206 254 275 320 patient0081 222
patient0081_0223 0 0.9027103185653688 206 254 275 320 patient0081 223
patient0081_0224 0 0.9038723707199096 205 254 275 321 patient0081 224
patient0081_0225 0 0.9062539935112 204 253 275 321 patient0081 225
patient0081_0226 0 0.9022769927978516 203 253 275 321 patient0081 226
patient0081_0227 0 0.8434391617774963 202 254 275 321 patient0081 227
patient0081_0228 0 0.8111854195594788 230 258 276 321 patient0081 228
patient0081_0229 0 0.8605003356933594 228 260 277 322 patient0081 229
patient0081_0230 0 0.8556209802627563 228 261 278 321 patient0081 230
patient0081_0231 0 0.8671484589576721 227 261 280 321 patient0081 231
patient0081_0232 0 0.8639732003211975 228 261 280 321 patient0081 232
patient0081_0233 0 0.8388755917549133 227 261 281 320 patient0081 233
patient0081_0234 0 0.8230345249176025 227 262 280 320 patient0081 234
patient0081_0234 0 0.4832073450088501 261 264 281 301 patient0081 234
patient0081_0235 0 0.7790281772613525 227 264 280 321 patient0081 235
patient0081_0235 0 0.3073113262653351 250 265 281 300 patient0081 235
patient0081_0236 0 0.7803599238395691 226 263 280 321 patient0081 236
patient0081_0236 0 0.3875085413455963 249 265 280 297 patient0081 236
patient0081_0237 0 0.7269232273101807 224 262 280 321 patient0081 237
patient0081_0237 0 0.3857745826244354 249 263 280 292 patient0081 237
patient0081_0238 0 0.6145110726356506 250 262 279 289 patient0081 238
patient0081_0238 0 0.4781103730201721 224 260 279 321 patient0081 238
patient0081_0239 0 0.7694522738456726 249 261 278 288 patient0081 239
patient0081_0240 0 0.4906245470046997 252 263 278 287 patient0081 240
patient0081_0241 0 0.6517186164855957 253 264 279 287 patient0081 241
patient0081_0242 0 0.7844182252883911 251 263 278 286 patient0081 242
patient0081_0243 0 0.8043456077575684 251 265 277 286 patient0081 243
patient0081_0244 0 0.8028795123100281 256 264 277 285 patient0081 244
patient0081_0245 0 0.7866785526275635 257 263 277 285 patient0081 245
patient0081_0246 0 0.7429673671722412 257 264 276 284 patient0081 246
patient0081_0247 0 0.7297378182411194 256 265 275 282 patient0081 247
patient0081_0248 0 0.7289597392082214 254 266 272 279 patient0081 248
patient0081_0249 0 0.6934526562690735 257 266 270 279 patient0081 249
patient0081_0250 0 0.6866865158081055 258 265 269 278 patient0081 250
patient0081_0251 0 0.7059584856033325 257 259 269 278 patient0081 251
patient0081_0252 0 0.6840633153915405 257 259 268 277 patient0081 252
patient0081_0253 0 0.658430814743042 257 259 268 278 patient0081 253
patient0081_0254 0 0.6682108044624329 255 262 266 277 patient0081 254
patient0081_0255 0 0.6799159049987793 254 262 265 277 patient0081 255
patient0081_0256 0 0.6472209692001343 253 261 264 276 patient0081 256
patient0081_0257 0 0.7109576463699341 252 259 263 277 patient0081 257
patient0081_0258 0 0.6364965438842773 251 261 261 276 patient0081 258
patient0081_0259 0 0.5268914699554443 250 262 260 276 patient0081 259
patient0082_0011 0 0.4307197332382202 394 419 408 434 patient0082 11
patient0082_0017 0 0.3659669458866119 146 410 163 435 patient0082 17
patient0082_0022 0 0.2728636562824249 101 298 117 317 patient0082 22
patient0082_0041 0 0.2565312087535858 306 454 326 475 patient0082 41
patient0082_0057 0 0.3411715626716614 21 89 57 126 patient0082 57
patient0082_0058 0 0.3381116986274719 22 88 57 127 patient0082 58
patient0082_0088 0 0.4434229433536529 300 185 327 224 patient0082 88
patient0082_0114 0 0.3772782683372497 140 218 166 259 patient0082 114
patient0082_0115 0 0.6851546764373779 139 218 167 260 patient0082 115
patient0082_0151 0 0.6045224666595459 219 351 251 392 patient0082 151
patient0082_0156 0 0.3131764233112335 216 344 252 392 patient0082 156
patient0082_0190 0 0.4074434638023376 192 316 205 330 patient0082 190
patient0082_0191 0 0.7049939036369324 192 313 206 332 patient0082 191
patient0082_0192 0 0.7812618613243103 191 309 208 334 patient0082 192
patient0082_0193 0 0.873521625995636 188 309 209 335 patient0082 193
patient0082_0194 0 0.8700340390205383 188 308 209 336 patient0082 194
patient0082_0195 0 0.8682119250297546 187 307 209 337 patient0082 195
patient0082_0196 0 0.8572732210159302 187 305 210 337 patient0082 196
patient0082_0197 0 0.8374120593070984 186 304 211 339 patient0082 197
patient0082_0198 0 0.8398433923721313 185 303 211 339 patient0082 198
patient0082_0199 0 0.8453823328018188 184 302 211 340 patient0082 199
patient0082_0200 0 0.8025579452514648 184 293 217 340 patient0082 200
patient0082_0201 0 0.8784854412078857 183 287 227 341 patient0082 201
patient0082_0202 0 0.8769395351409912 182 288 228 341 patient0082 202
patient0082_0203 0 0.8726236820220947 181 288 229 341 patient0082 203
patient0082_0204 0 0.8737081289291382 180 288 230 341 patient0082 204
patient0082_0205 0 0.8769960999488831 179 287 230 342 patient0082 205
patient0082_0206 0 0.878684937953949 177 287 231 342 patient0082 206
patient0082_0207 0 0.8791549205780029 177 286 232 343 patient0082 207
patient0082_0208 0 0.8823920488357544 176 286 232 343 patient0082 208
patient0082_0209 0 0.8854137063026428 176 286 233 343 patient0082 209
patient0082_0210 0 0.8783649206161499 175 285 233 343 patient0082 210
patient0082_0211 0 0.8757683038711548 174 285 233 342 patient0082 211
patient0082_0212 0 0.8544713854789734 173 284 233 343 patient0082 212
patient0082_0213 0 0.8172374367713928 172 288 234 344 patient0082 213
patient0082_0214 0 0.881476104259491 173 288 235 344 patient0082 214
patient0082_0215 0 0.8740708827972412 172 286 236 344 patient0082 215
patient0082_0216 0 0.850771963596344 171 286 236 344 patient0082 216
patient0082_0217 0 0.7832051515579224 190 287 235 344 patient0082 217
patient0082_0218 0 0.8056747317314148 194 287 235 344 patient0082 218
patient0082_0219 0 0.806621253490448 195 289 234 344 patient0082 219
patient0082_0220 0 0.8225886821746826 195 289 234 344 patient0082 220
patient0082_0221 0 0.8281402587890625 197 288 234 344 patient0082 221
patient0082_0222 0 0.8223826885223389 200 287 234 344 patient0082 222
patient0082_0223 0 0.8517578840255737 199 285 234 345 patient0082 223
patient0082_0224 0 0.8521052598953247 199 286 234 345 patient0082 224
patient0082_0225 0 0.8084102272987366 202 295 235 345 patient0082 225
patient0082_0226 0 0.8435420989990234 204 296 235 345 patient0082 226
patient0082_0227 0 0.834485650062561 204 291 234 345 patient0082 227
patient0082_0228 0 0.8345834612846375 202 293 234 345 patient0082 228
patient0082_0229 0 0.842553973197937 202 286 234 345 patient0082 229
patient0082_0230 0 0.8225900530815125 203 283 234 345 patient0082 230
patient0082_0231 0 0.8643510341644287 203 283 234 345 patient0082 231
patient0082_0232 0 0.8241561055183411 204 281 235 345 patient0082 232
patient0082_0233 0 0.8303695321083069 205 280 238 345 patient0082 233
patient0082_0234 0 0.833629846572876 204 280 239 345 patient0082 234
patient0082_0235 0 0.8420327305793762 205 280 240 345 patient0082 235
patient0082_0236 0 0.8432722687721252 204 280 240 345 patient0082 236
patient0082_0237 0 0.8414145112037659 201 280 240 345 patient0082 237
patient0082_0238 0 0.8474100828170776 202 280 240 345 patient0082 238
patient0082_0239 0 0.8384414315223694 202 280 240 345 patient0082 239
patient0082_0240 0 0.8269760012626648 202 280 240 345 patient0082 240
patient0082_0241 0 0.8455944657325745 202 280 241 344 patient0082 241
patient0082_0242 0 0.8347592353820801 201 279 240 343 patient0082 242
patient0082_0243 0 0.8094856142997742 201 280 240 343 patient0082 243
patient0082_0244 0 0.7766661643981934 201 281 239 342 patient0082 244
patient0082_0244 0 0.3517188727855682 218 281 240 305 patient0082 244
patient0082_0245 0 0.6883074641227722 200 281 239 342 patient0082 245
patient0082_0245 0 0.4901452660560608 219 281 239 303 patient0082 245
patient0082_0246 0 0.616553544998169 200 282 238 342 patient0082 246
patient0082_0246 0 0.475283533334732 220 281 237 301 patient0082 246
patient0082_0247 0 0.5493523478507996 221 282 235 297 patient0082 247
patient0082_0247 0 0.517283022403717 198 281 237 341 patient0082 247
patient0082_0248 0 0.6741955280303955 196 281 235 341 patient0082 248
patient0082_0248 0 0.4496245682239532 219 281 233 296 patient0082 248
patient0082_0249 0 0.7316463589668274 195 281 234 342 patient0082 249
patient0082_0249 0 0.4938384294509887 218 281 233 296 patient0082 249
patient0082_0250 0 0.6914389729499817 196 281 233 341 patient0082 250
patient0082_0250 0 0.5726163387298584 218 280 232 295 patient0082 250
patient0082_0251 0 0.6654171347618103 195 282 233 342 patient0082 251
patient0082_0251 0 0.6191187500953674 216 280 231 294 patient0082 251
patient0082_0252 0 0.6201335787773132 216 281 230 293 patient0082 252
patient0082_0252 0 0.5896697640419006 192 284 231 342 patient0082 252
patient0082_0253 0 0.6807231903076172 216 282 229 292 patient0082 253
patient0082_0254 0 0.676703155040741 215 281 228 292 patient0082 254
patient0082_0255 0 0.6748756766319275 215 281 227 292 patient0082 255
patient0082_0256 0 0.6711189150810242 214 281 227 292 patient0082 256
patient0082_0257 0 0.4960123300552368 213 280 227 293 patient0082 257
patient0082_0258 0 0.5670178532600403 213 281 226 293 patient0082 258
patient0082_0259 0 0.613704264163971 213 282 226 294 patient0082 259
patient0082_0260 0 0.6004178524017334 213 283 225 294 patient0082 260
patient0082_0261 0 0.6242201924324036 212 283 225 296 patient0082 261
patient0082_0262 0 0.5836576819419861 212 285 225 297 patient0082 262
patient0083_0001 0 0.4472311437129974 156 247 190 268 patient0083 1
patient0083_0001 0 0.3749713003635406 480 310 499 335 patient0083 1
patient0083_0002 0 0.3001627027988434 162 248 187 268 patient0083 2
patient0083_0003 0 0.4644257426261902 259 231 288 263 patient0083 3
patient0083_0007 0 0.4209094047546386 257 231 289 267 patient0083 7
patient0083_0008 0 0.5294672250747681 256 229 288 286 patient0083 8
patient0083_0009 0 0.2624262869358063 294 81 317 101 patient0083 9
patient0083_0011 0 0.2852272689342499 258 241 281 286 patient0083 11
patient0083_0012 0 0.7611567378044128 259 241 281 286 patient0083 12
patient0083_0014 0 0.34441739320755 140 189 154 211 patient0083 14
patient0083_0028 0 0.3167755603790283 27 266 42 280 patient0083 28
patient0083_0029 0 0.4105222225189209 23 264 38 280 patient0083 29
patient0083_0030 0 0.3182386755943298 21 264 36 281 patient0083 30
patient0083_0062 0 0.409832626581192 387 75 423 99 patient0083 62
patient0083_0065 0 0.3995352387428283 383 78 416 97 patient0083 65
patient0083_0066 0 0.3954154849052429 392 78 417 96 patient0083 66
patient0083_0110 0 0.5766146183013916 158 291 186 323 patient0083 110
patient0083_0111 0 0.5210908651351929 157 289 191 324 patient0083 111
patient0083_0112 0 0.493408590555191 157 287 192 323 patient0083 112
patient0083_0122 0 0.3423981070518493 181 271 224 321 patient0083 122
patient0083_0240 0 0.273093432188034 213 273 226 299 patient0083 240
patient0083_0244 0 0.6888651251792908 209 274 225 299 patient0083 244
patient0083_0245 0 0.8069728016853333 208 273 225 298 patient0083 245
patient0083_0246 0 0.821376383304596 208 271 225 298 patient0083 246
patient0083_0247 0 0.8233001232147217 207 270 226 300 patient0083 247
patient0083_0248 0 0.8144251108169556 206 269 226 301 patient0083 248
patient0083_0249 0 0.8117239475250244 206 269 226 301 patient0083 249
patient0083_0250 0 0.824316143989563 206 268 227 303 patient0083 250
patient0083_0251 0 0.8318949937820435 205 268 227 304 patient0083 251
patient0083_0252 0 0.8491941094398499 204 267 227 304 patient0083 252
patient0083_0253 0 0.7215144634246826 203 256 245 305 patient0083 253
patient0083_0254 0 0.8483880162239075 202 253 245 306 patient0083 254
patient0083_0255 0 0.8574825525283813 202 250 245 306 patient0083 255
patient0083_0256 0 0.8691300749778748 202 248 246 307 patient0083 256
patient0083_0257 0 0.8709926605224609 200 246 247 308 patient0083 257
patient0083_0258 0 0.8680830001831055 198 250 247 307 patient0083 258
patient0083_0259 0 0.8683326244354248 197 251 248 307 patient0083 259
patient0083_0260 0 0.8791975975036621 197 250 249 308 patient0083 260
patient0083_0261 0 0.8762911558151245 196 250 249 309 patient0083 261
patient0083_0262 0 0.8702362775802612 195 250 250 309 patient0083 262
patient0083_0263 0 0.8713666796684265 195 250 250 310 patient0083 263
patient0083_0264 0 0.8663987517356873 195 250 250 310 patient0083 264
patient0083_0265 0 0.8644294738769531 194 251 250 310 patient0083 265
patient0083_0266 0 0.859036922454834 194 251 251 310 patient0083 266
patient0083_0267 0 0.8619744777679443 193 251 252 310 patient0083 267
patient0083_0268 0 0.8702604174613953 193 251 253 311 patient0083 268
patient0083_0269 0 0.8737893104553223 193 251 253 311 patient0083 269
patient0083_0270 0 0.8767980933189392 193 251 254 311 patient0083 270
patient0083_0271 0 0.8790294528007507 192 251 254 311 patient0083 271
patient0083_0272 0 0.8793185353279114 191 251 254 312 patient0083 272
patient0083_0273 0 0.8790441751480103 192 251 257 312 patient0083 273
patient0083_0274 0 0.8837915062904358 192 251 261 312 patient0083 274
patient0083_0275 0 0.8866291046142578 191 252 262 313 patient0083 275
patient0083_0276 0 0.8840766549110413 191 252 263 313 patient0083 276
patient0083_0277 0 0.8307666182518005 196 252 264 313 patient0083 277
patient0083_0278 0 0.8091679215431213 207 251 266 313 patient0083 278
patient0083_0279 0 0.765040934085846 210 251 266 313 patient0083 279
patient0083_0280 0 0.8316197991371155 213 256 266 314 patient0083 280
patient0083_0281 0 0.8460631370544434 213 257 265 315 patient0083 281
patient0083_0282 0 0.8391308188438416 212 258 264 314 patient0083 282
patient0083_0283 0 0.8280305862426758 211 258 264 314 patient0083 283
patient0083_0284 0 0.8604630827903748 211 257 264 314 patient0083 284
patient0083_0285 0 0.8587321043014526 210 257 263 314 patient0083 285
patient0083_0286 0 0.8647997975349426 210 256 263 314 patient0083 286
patient0083_0287 0 0.864222526550293 209 257 263 314 patient0083 287
patient0083_0288 0 0.8528662323951721 208 256 263 313 patient0083 288
patient0083_0289 0 0.8077035546302795 208 256 262 313 patient0083 289
patient0083_0290 0 0.5025195479393005 208 256 262 313 patient0083 290
patient0083_0290 0 0.4991712570190429 231 258 261 283 patient0083 290
patient0083_0291 0 0.7728831171989441 233 258 260 281 patient0083 291
patient0083_0292 0 0.8040342926979065 234 258 260 279 patient0083 292
patient0083_0293 0 0.759964108467102 234 258 260 279 patient0083 293
patient0083_0294 0 0.720808744430542 234 258 259 278 patient0083 294
patient0083_0295 0 0.7357798218727112 235 257 259 278 patient0083 295
patient0083_0296 0 0.7439095973968506 236 256 258 277 patient0083 296
patient0083_0297 0 0.7237036228179932 237 255 258 277 patient0083 297
patient0083_0298 0 0.6898272037506104 238 256 257 276 patient0083 298
patient0083_0299 0 0.6454622149467468 240 256 256 274 patient0083 299
patient0083_0300 0 0.6674908399581909 240 255 255 274 patient0083 300
patient0083_0301 0 0.6810743808746338 241 254 256 274 patient0083 301
patient0083_0302 0 0.6957387328147888 241 254 255 273 patient0083 302
patient0083_0303 0 0.7076801657676697 240 254 255 273 patient0083 303
patient0083_0304 0 0.7525858879089355 238 255 253 271 patient0083 304
patient0083_0305 0 0.7547519207000732 237 256 250 270 patient0083 305
patient0083_0306 0 0.7257213592529297 236 257 249 270 patient0083 306
patient0083_0307 0 0.7267884016036987 236 257 248 269 patient0083 307
patient0083_0308 0 0.7111271619796753 236 258 248 268 patient0083 308
patient0083_0309 0 0.6982784271240234 236 258 247 268 patient0083 309
patient0083_0310 0 0.6608032584190369 235 258 246 268 patient0083 310
patient0083_0311 0 0.5721803307533264 234 257 244 267 patient0083 311
patient0083_0312 0 0.5177661776542664 234 258 243 267 patient0083 312
patient0083_0313 0 0.3248184621334076 234 259 243 268 patient0083 313
patient0083_0314 0 0.273706316947937 232 259 242 268 patient0083 314
patient0084_0004 0 0.3127488791942596 180 210 199 236 patient0084 4
patient0084_0044 0 0.3998512029647827 465 148 480 176 patient0084 44
patient0084_0142 0 0.7693220376968384 180 228 197 250 patient0084 142
patient0084_0143 0 0.7991518974304199 179 225 198 251 patient0084 143
patient0084_0144 0 0.8172909617424011 176 222 199 253 patient0084 144
patient0084_0144 0 0.3326202630996704 238 221 275 276 patient0084 144
patient0084_0145 0 0.8227249979972839 175 221 200 255 patient0084 145
patient0084_0146 0 0.8348004817962646 175 219 201 256 patient0084 146
patient0084_0147 0 0.83939129114151 174 218 201 257 patient0084 147
patient0084_0148 0 0.882909893989563 174 216 201 259 patient0084 148
patient0084_0149 0 0.8524554967880249 174 216 202 259 patient0084 149
patient0084_0150 0 0.8555018305778503 174 216 202 259 patient0084 150
patient0084_0151 0 0.8527836203575134 174 215 202 259 patient0084 151
patient0084_0152 0 0.8587942719459534 173 215 202 260 patient0084 152
patient0084_0153 0 0.8518572449684143 172 214 203 260 patient0084 153
patient0084_0154 0 0.8412444591522217 172 213 203 261 patient0084 154
patient0084_0155 0 0.8257591128349304 171 213 204 261 patient0084 155
patient0084_0156 0 0.7801259160041809 170 209 206 262 patient0084 156
patient0084_0157 0 0.815669059753418 170 204 206 263 patient0084 157
patient0084_0158 0 0.8384974598884583 170 207 216 263 patient0084 158
patient0084_0159 0 0.8468405604362488 169 205 219 264 patient0084 159
patient0084_0160 0 0.8591340184211731 167 205 221 264 patient0084 160
patient0084_0161 0 0.8730827569961548 165 204 222 265 patient0084 161
patient0084_0162 0 0.8800173401832581 164 203 222 265 patient0084 162
patient0084_0163 0 0.8730335235595703 163 204 222 265 patient0084 163
patient0084_0164 0 0.8664645552635193 163 206 223 265 patient0084 164
patient0084_0165 0 0.867897093296051 163 206 223 266 patient0084 165
patient0084_0166 0 0.8704264760017395 162 206 223 266 patient0084 166
patient0084_0167 0 0.863042414188385 161 207 224 266 patient0084 167
patient0084_0168 0 0.8588553071022034 161 208 224 266 patient0084 168
patient0084_0169 0 0.8492744565010071 161 208 225 266 patient0084 169
patient0084_0170 0 0.8362950682640076 167 208 226 266 patient0084 170
patient0084_0171 0 0.8160123825073242 182 209 229 266 patient0084 171
patient0084_0172 0 0.8333156108856201 186 210 232 266 patient0084 172
patient0084_0173 0 0.7988050580024719 186 211 233 265 patient0084 173
patient0084_0174 0 0.7818314433097839 186 211 234 265 patient0084 174
patient0084_0175 0 0.7972316145896912 185 211 235 266 patient0084 175
patient0084_0176 0 0.77045738697052 184 211 234 267 patient0084 176
patient0084_0177 0 0.4339123666286468 183 211 233 267 patient0084 177
patient0084_0178 0 0.6989213824272156 201 211 232 243 patient0084 178
patient0084_0179 0 0.413402646780014 201 211 232 242 patient0084 179
patient0084_0181 0 0.5658226609230042 199 212 230 237 patient0084 181
patient0084_0182 0 0.6595263481140137 199 210 228 235 patient0084 182
patient0084_0183 0 0.7449434399604797 199 209 228 234 patient0084 183
patient0084_0184 0 0.7645654678344727 199 209 228 234 patient0084 184
patient0084_0185 0 0.7739654779434204 200 209 228 233 patient0084 185
patient0084_0186 0 0.7947779893875122 200 209 227 233 patient0084 186
patient0084_0187 0 0.7765236496925354 200 210 227 232 patient0084 187
patient0084_0188 0 0.784069836139679 199 210 227 232 patient0084 188
patient0084_0189 0 0.7698299884796143 200 211 227 231 patient0084 189
patient0084_0190 0 0.7339819669723511 201 211 225 230 patient0084 190
patient0084_0191 0 0.7198461890220642 200 209 223 229 patient0084 191
patient0084_0192 0 0.716858983039856 199 210 222 229 patient0084 192
patient0084_0193 0 0.6955769658088684 199 211 221 228 patient0084 193
patient0084_0194 0 0.6323205232620239 199 213 220 227 patient0084 194
patient0084_0195 0 0.6196922659873962 204 213 219 226 patient0084 195
patient0084_0196 0 0.639849066734314 205 211 219 226 patient0084 196
patient0084_0197 0 0.6670000553131104 200 212 217 226 patient0084 197
patient0084_0198 0 0.6922914385795593 199 213 216 226 patient0084 198
patient0084_0199 0 0.6823197603225708 200 213 215 225 patient0084 199
patient0084_0200 0 0.6822169423103333 202 213 214 225 patient0084 200
patient0084_0201 0 0.6434818506240845 200 213 213 225 patient0084 201
patient0084_0202 0 0.3544147312641144 200 214 212 225 patient0084 202
patient0085_0009 0 0.4217030107975006 64 197 83 212 patient0085 9
patient0086_0002 0 0.3164884150028229 124 270 149 294 patient0086 2
patient0086_0008 0 0.6696783900260925 133 276 152 295 patient0086 8
patient0086_0011 0 0.4947378039360046 161 377 179 394 patient0086 11
patient0086_0014 0 0.423517644405365 98 256 115 276 patient0086 14
patient0086_0130 0 0.3057225346565246 115 190 146 218 patient0086 130
patient0086_0140 0 0.3771008253097534 246 319 277 357 patient0086 140
patient0086_0143 0 0.4460160732269287 119 188 147 216 patient0086 143
patient0086_0251 0 0.2974621653556824 228 268 260 315 patient0086 251
patient0086_0300 0 0.3886407017707824 61 306 82 327 patient0086 300
patient0087_0016 0 0.8050584197044373 302 445 330 476 patient0087 16
patient0087_0016 0 0.3770862519741058 439 311 458 332 patient0087 16
patient0087_0017 0 0.7064372897148132 303 445 331 475 patient0087 17
patient0087_0018 0 0.7124782204627991 301 443 330 475 patient0087 18
patient0087_0019 0 0.492642730474472 436 313 457 334 patient0087 19
patient0087_0020 0 0.3423045873641968 302 443 324 473 patient0087 20
patient0087_0020 0 0.2573117613792419 436 312 463 334 patient0087 20
patient0087_0032 0 0.4128167331218719 263 105 279 127 patient0087 32
patient0087_0046 0 0.4576062858104706 284 35 322 72 patient0087 46
patient0087_0066 0 0.3357416689395904 90 289 105 304 patient0087 66
patient0087_0153 0 0.3320865631103515 249 211 294 261 patient0087 153
patient0087_0158 0 0.7813273668289185 180 223 208 254 patient0087 158
patient0087_0159 0 0.7980361580848694 179 218 208 254 patient0087 159
patient0087_0160 0 0.8118456602096558 178 216 208 255 patient0087 160
patient0087_0161 0 0.8312613368034363 177 215 206 256 patient0087 161
patient0087_0162 0 0.8184566497802734 177 215 212 258 patient0087 162
patient0087_0163 0 0.8269614577293396 176 214 207 257 patient0087 163
patient0087_0164 0 0.8186950087547302 176 213 209 257 patient0087 164
patient0087_0165 0 0.8307464718818665 175 212 209 259 patient0087 165
patient0087_0166 0 0.8278553485870361 174 211 208 259 patient0087 166
patient0087_0167 0 0.8589501976966858 172 193 225 259 patient0087 167
patient0087_0168 0 0.888240396976471 171 192 226 259 patient0087 168
patient0087_0169 0 0.8927530646324158 171 192 227 259 patient0087 169
patient0087_0170 0 0.8960895538330078 171 191 228 259 patient0087 170
patient0087_0171 0 0.8988484144210815 170 191 228 260 patient0087 171
patient0087_0172 0 0.8873004913330078 169 191 229 260 patient0087 172
patient0087_0173 0 0.8740239143371582 168 192 230 260 patient0087 173
patient0087_0174 0 0.8670685291290283 167 192 230 261 patient0087 174
patient0087_0175 0 0.8717271685600281 166 192 230 260 patient0087 175
patient0087_0176 0 0.8669220209121704 165 192 231 260 patient0087 176
patient0087_0177 0 0.8695708513259888 164 192 231 260 patient0087 177
patient0087_0178 0 0.8824858665466309 163 192 230 260 patient0087 178
patient0087_0179 0 0.8749563097953796 163 191 232 259 patient0087 179
patient0087_0179 0 0.5932312607765198 103 210 140 262 patient0087 179
patient0087_0180 0 0.8761686682701111 162 190 233 259 patient0087 180
patient0087_0180 0 0.7620168924331665 102 209 140 262 patient0087 180
patient0087_0181 0 0.8830280900001526 162 191 232 259 patient0087 181
patient0087_0181 0 0.349585622549057 102 211 141 263 patient0087 181
patient0087_0182 0 0.8806710243225098 162 192 231 259 patient0087 182
patient0087_0183 0 0.8888546228408813 161 192 231 259 patient0087 183
patient0087_0184 0 0.8718137145042419 161 193 233 259 patient0087 184
patient0087_0185 0 0.8330464959144592 161 192 234 259 patient0087 185
patient0087_0186 0 0.824737012386322 194 192 232 259 patient0087 186
patient0087_0187 0 0.8321160674095154 199 191 236 259 patient0087 187
patient0087_0188 0 0.8532026410102844 196 191 240 260 patient0087 188
patient0087_0189 0 0.8605651259422302 196 190 242 260 patient0087 189
patient0087_0190 0 0.8701462149620056 198 192 242 259 patient0087 190
patient0087_0191 0 0.8605899214744568 198 193 242 259 patient0087 191
patient0087_0192 0 0.8613321185112 197 193 243 259 patient0087 192
patient0087_0193 0 0.8575261235237122 196 190 245 259 patient0087 193
patient0087_0194 0 0.8642851114273071 196 192 246 258 patient0087 194
patient0087_0195 0 0.8792468905448914 196 192 245 259 patient0087 195
patient0087_0196 0 0.8714661598205566 195 191 245 259 patient0087 196
patient0087_0197 0 0.7721307277679443 194 190 244 259 patient0087 197
patient0087_0198 0 0.3629447221755981 192 191 242 258 patient0087 198
patient0087_0199 0 0.2714892923831939 191 191 242 258 patient0087 199
patient0087_0201 0 0.6126087307929993 211 189 240 219 patient0087 201
patient0087_0202 0 0.7133660912513733 212 198 238 217 patient0087 202
patient0087_0203 0 0.658930778503418 211 197 237 216 patient0087 203
patient0087_0204 0 0.5948659181594849 212 197 235 215 patient0087 204
patient0087_0205 0 0.6365967392921448 211 197 234 215 patient0087 205
patient0087_0206 0 0.7094281911849976 212 197 232 213 patient0087 206
patient0087_0207 0 0.6692913770675659 212 197 231 212 patient0087 207
patient0087_0208 0 0.604695737361908 211 197 230 211 patient0087 208
patient0087_0209 0 0.6006418466567993 214 199 229 211 patient0087 209
patient0087_0210 0 0.6127734184265137 213 199 227 210 patient0087 210
patient0087_0211 0 0.6340345740318298 214 199 227 210 patient0087 211
patient0087_0212 0 0.5971332788467407 214 199 226 210 patient0087 212
patient0087_0213 0 0.5348109006881714 213 199 225 210 patient0087 213
patient0087_0214 0 0.4840832948684692 212 198 224 210 patient0087 214
patient0087_0215 0 0.3916035890579223 212 199 223 210 patient0087 215
patient0088_0005 0 0.4176221787929535 304 426 335 465 patient0088 5
patient0088_0005 0 0.374655932188034 221 237 248 256 patient0088 5
patient0088_0010 0 0.3281455039978027 309 422 336 457 patient0088 10
patient0088_0012 0 0.2842357754707336 310 420 333 450 patient0088 12
patient0088_0013 0 0.5323344469070435 311 420 334 449 patient0088 13
patient0088_0017 0 0.2528599500656128 270 247 291 262 patient0088 17
patient0088_0031 0 0.3832498788833618 261 318 288 354 patient0088 31
patient0088_0032 0 0.3643847703933716 262 322 284 352 patient0088 32
patient0088_0047 0 0.4583948850631714 306 351 328 364 patient0088 47
patient0088_0060 0 0.3610619902610779 335 316 364 337 patient0088 60
patient0088_0160 0 0.7741848826408386 189 299 205 321 patient0088 160
patient0088_0161 0 0.8348753452301025 189 295 209 323 patient0088 161
patient0088_0162 0 0.8013800978660583 186 292 208 324 patient0088 162
patient0088_0163 0 0.8261687159538269 186 289 210 326 patient0088 163
patient0088_0164 0 0.8225672245025635 185 287 212 327 patient0088 164
patient0088_0165 0 0.8503187894821167 182 285 213 327 patient0088 165
patient0088_0166 0 0.8597412705421448 181 283 214 328 patient0088 166
patient0088_0167 0 0.8385093808174133 180 282 215 328 patient0088 167
patient0088_0168 0 0.8325985074043274 179 280 216 329 patient0088 168
patient0088_0169 0 0.8263614773750305 179 279 217 329 patient0088 169
patient0088_0170 0 0.8420418500900269 179 277 219 330 patient0088 170
patient0088_0171 0 0.856598973274231 179 271 229 331 patient0088 171
patient0088_0172 0 0.8498497605323792 180 268 232 330 patient0088 172
patient0088_0173 0 0.8781558275222778 178 265 235 330 patient0088 173
patient0088_0174 0 0.8900564908981323 176 265 237 330 patient0088 174
patient0088_0175 0 0.895709216594696 175 266 242 331 patient0088 175
patient0088_0176 0 0.9019235372543336 173 266 242 331 patient0088 176
patient0088_0177 0 0.8996991515159607 172 267 243 331 patient0088 177
patient0088_0178 0 0.913214147090912 172 267 243 331 patient0088 178
patient0088_0179 0 0.92243891954422 170 266 243 332 patient0088 179
patient0088_0180 0 0.9180063605308532 170 266 243 333 patient0088 180
patient0088_0181 0 0.9229605793952942 170 265 242 333 patient0088 181
patient0088_0182 0 0.9277125597000122 169 266 242 333 patient0088 182
patient0088_0183 0 0.9206717610359192 169 266 242 333 patient0088 183
patient0088_0184 0 0.83940589427948 171 269 243 334 patient0088 184
patient0088_0185 0 0.8685924410820007 189 272 244 335 patient0088 185
patient0088_0186 0 0.8651077151298523 191 272 245 335 patient0088 186
patient0088_0187 0 0.8472442030906677 192 272 245 334 patient0088 187
patient0088_0188 0 0.8605605363845825 203 273 244 334 patient0088 188
patient0088_0189 0 0.8667479157447815 203 273 243 335 patient0088 189
patient0088_0190 0 0.861463725566864 203 273 244 335 patient0088 190
patient0088_0191 0 0.8625856041908264 202 273 245 335 patient0088 191
patient0088_0192 0 0.8782422542572021 201 272 247 335 patient0088 192
patient0088_0193 0 0.8825914263725281 201 271 249 334 patient0088 193
patient0088_0194 0 0.8671080470085144 200 271 250 334 patient0088 194
patient0088_0195 0 0.872517466545105 199 271 251 334 patient0088 195
patient0088_0196 0 0.8552793264389038 199 271 250 333 patient0088 196
patient0088_0197 0 0.8568257689476013 199 270 249 333 patient0088 197
patient0088_0198 0 0.8465145826339722 198 269 247 334 patient0088 198
patient0088_0199 0 0.6209419369697571 198 267 247 334 patient0088 199
patient0088_0200 0 0.760134220123291 197 267 246 334 patient0088 200
patient0088_0201 0 0.4713955223560333 230 267 247 294 patient0088 201
patient0088_0202 0 0.4771437048912048 230 267 247 292 patient0088 202
patient0088_0203 0 0.5451390743255615 228 267 245 290 patient0088 203
patient0088_0204 0 0.705602765083313 228 267 245 289 patient0088 204
patient0088_0205 0 0.7306033968925476 226 268 245 289 patient0088 205
patient0088_0206 0 0.7233736515045166 224 268 244 289 patient0088 206
patient0088_0207 0 0.6241382360458374 222 268 242 287 patient0088 207
patient0088_0208 0 0.7282822132110596 219 267 241 286 patient0088 208
patient0088_0209 0 0.7259005308151245 220 268 241 285 patient0088 209
patient0088_0210 0 0.7444038391113281 223 268 239 284 patient0088 210
patient0088_0211 0 0.7175707221031189 224 267 238 282 patient0088 211
patient0088_0212 0 0.7393178343772888 222 265 237 283 patient0088 212
patient0088_0213 0 0.6987632513046265 221 267 236 282 patient0088 213
patient0088_0214 0 0.711819589138031 221 266 234 281 patient0088 214
patient0088_0215 0 0.7047244906425476 220 266 233 281 patient0088 215
patient0088_0216 0 0.6956869959831238 218 267 231 280 patient0088 216
patient0088_0217 0 0.7036691904067993 218 267 230 280 patient0088 217
patient0088_0218 0 0.7128209471702576 218 268 230 280 patient0088 218
patient0088_0219 0 0.7411781549453735 216 268 229 282 patient0088 219
patient0088_0220 0 0.7167950868606567 215 269 227 281 patient0088 220
patient0088_0221 0 0.6897453665733337 216 271 226 282 patient0088 221
patient0088_0222 0 0.736548662185669 215 271 225 283 patient0088 222
patient0088_0223 0 0.734680712223053 214 271 225 284 patient0088 223
patient0088_0224 0 0.7006524205207825 214 274 225 285 patient0088 224
patient0088_0225 0 0.4463909864425659 214 275 224 287 patient0088 225
patient0089_0011 0 0.3925277888774872 262 496 289 512 patient0089 11
patient0089_0014 0 0.3640656173229217 405 239 442 292 patient0089 14
patient0089_0018 0 0.297055572271347 204 199 237 228 patient0089 18
patient0089_0027 0 0.2799744606018066 409 244 440 296 patient0089 27
patient0089_0031 0 0.3094986081123352 397 338 435 380 patient0089 31
patient0089_0032 0 0.3525528311729431 413 247 437 269 patient0089 32
patient0089_0033 0 0.3708086907863617 412 245 440 271 patient0089 33
patient0089_0039 0 0.4015894532203674 414 251 435 280 patient0089 39
patient0089_0040 0 0.3847575187683105 416 251 435 278 patient0089 40
patient0089_0043 0 0.3762700855731964 68 254 88 271 patient0089 43
patient0089_0044 0 0.3580629825592041 226 134 252 153 patient0089 44
patient0089_0044 0 0.2675550282001495 197 177 224 210 patient0089 44
patient0089_0045 0 0.6088393330574036 48 254 66 269 patient0089 45
patient0089_0075 0 0.3341697752475738 268 312 286 336 patient0089 75
patient0089_0076 0 0.3423256576061249 157 190 172 207 patient0089 76
patient0089_0078 0 0.2500553429126739 227 61 260 83 patient0089 78
patient0089_0090 0 0.4653167724609375 61 70 74 88 patient0089 90
patient0089_0093 0 0.334075391292572 59 66 75 84 patient0089 93
patient0089_0127 0 0.3848218321800232 75 297 87 312 patient0089 127
patient0089_0128 0 0.5294322967529297 75 295 90 310 patient0089 128
patient0090_0021 0 0.298964262008667 254 37 287 60 patient0090 21
patient0090_0028 0 0.3572461903095245 254 34 286 60 patient0090 28
patient0090_0037 0 0.2811672985553741 257 39 278 62 patient0090 37
patient0090_0063 0 0.2511543035507202 248 47 264 64 patient0090 63
patient0090_0064 0 0.3099608123302459 248 48 265 65 patient0090 64
patient0090_0117 0 0.4295462071895599 141 161 159 185 patient0090 117
patient0090_0118 0 0.6474153995513916 140 161 159 185 patient0090 118
patient0090_0119 0 0.3877785801887512 139 160 159 184 patient0090 119
patient0090_0120 0 0.3064295649528503 139 158 158 183 patient0090 120
patient0090_0121 0 0.5132746696472168 138 158 157 181 patient0090 121
patient0090_0126 0 0.5140358209609985 140 153 158 178 patient0090 126
patient0090_0127 0 0.5044173002243042 139 149 159 177 patient0090 127
patient0090_0128 0 0.5971881151199341 137 148 158 177 patient0090 128
patient0090_0129 0 0.6189425587654114 130 150 158 177 patient0090 129
patient0090_0130 0 0.5219011902809143 128 150 158 176 patient0090 130
patient0090_0133 0 0.304508626461029 267 306 294 327 patient0090 133
patient0090_0222 0 0.5831602215766907 258 182 272 198 patient0090 222
patient0091_0006 0 0.4193388223648071 449 271 486 308 patient0091 6
patient0091_0010 0 0.5591802597045898 108 233 123 252 patient0091 10
patient0091_0011 0 0.6219657063484192 108 235 123 252 patient0091 11
patient0091_0012 0 0.3620576560497284 105 234 122 253 patient0091 12
patient0091_0017 0 0.4082532525062561 391 321 418 352 patient0091 17
patient0091_0018 0 0.7095394134521484 394 320 421 353 patient0091 18
patient0091_0018 0 0.4011183977127075 450 247 487 312 patient0091 18
patient0091_0019 0 0.7815775871276855 396 319 422 353 patient0091 19
patient0091_0020 0 0.6835899353027344 396 317 422 354 patient0091 20
patient0091_0026 0 0.2840988039970398 126 220 146 236 patient0091 26
patient0091_0029 0 0.6152282953262329 415 321 434 347 patient0091 29
patient0091_0030 0 0.6671713590621948 416 322 435 363 patient0091 30
patient0091_0031 0 0.6559966206550598 415 323 436 364 patient0091 31
patient0091_0032 0 0.3277548849582672 415 322 438 363 patient0091 32
patient0091_0034 0 0.2858612537384033 414 322 433 353 patient0091 34
patient0091_0042 0 0.3093529939651489 226 247 259 273 patient0091 42
patient0091_0043 0 0.3867415487766266 226 248 246 273 patient0091 43
patient0091_0047 0 0.3158752620220184 209 65 227 83 patient0091 47
patient0091_0051 0 0.4504601657390594 191 67 206 81 patient0091 51
patient0091_0051 0 0.3999599516391754 212 69 229 88 patient0091 51
patient0091_0052 0 0.5922346115112305 190 67 206 82 patient0091 52
patient0091_0052 0 0.3970056474208832 212 71 228 89 patient0091 52
patient0091_0053 0 0.6608979105949402 190 67 205 82 patient0091 53
patient0091_0053 0 0.2835536897182464 141 317 182 372 patient0091 53
patient0091_0054 0 0.5036985278129578 190 67 205 83 patient0091 54
patient0091_0055 0 0.5352848768234253 212 73 226 90 patient0091 55
patient0091_0055 0 0.3379343450069427 189 68 204 83 patient0091 55
patient0091_0056 0 0.6552119851112366 211 73 225 90 patient0091 56
patient0091_0056 0 0.2876485884189605 189 71 203 85 patient0091 56
patient0091_0057 0 0.7159994840621948 212 73 226 92 patient0091 57
patient0091_0057 0 0.3570852875709533 189 72 203 85 patient0091 57
patient0091_0058 0 0.4035248160362243 189 72 204 86 patient0091 58
patient0091_0059 0 0.5480329394340515 407 267 431 285 patient0091 59
patient0091_0072 0 0.4557463526725769 334 327 352 357 patient0091 72
patient0091_0078 0 0.2848558723926544 261 244 272 256 patient0091 78
patient0091_0079 0 0.2796926200389862 262 246 273 256 patient0091 79
patient0091_0080 0 0.4809624254703522 424 346 440 368 patient0091 80
patient0091_0080 0 0.4801908731460571 344 187 370 206 patient0091 80
patient0091_0080 0 0.3877802193164825 262 246 272 256 patient0091 80
patient0091_0081 0 0.2954998612403869 262 247 273 256 patient0091 81
patient0091_0083 0 0.3336144983768463 338 193 351 210 patient0091 83
patient0091_0086 0 0.3218786716461181 185 86 201 95 patient0091 86
patient0091_0087 0 0.3968463242053985 185 85 201 95 patient0091 87
patient0092_0020 0 0.2518494427204132 186 368 204 392 patient0092 20
patient0092_0021 0 0.7735880613327026 212 332 242 361 patient0092 21
patient0092_0021 0 0.5362409949302673 183 368 203 393 patient0092 21
patient0092_0022 0 0.7684283256530762 212 332 243 360 patient0092 22
patient0092_0022 0 0.3735606670379638 183 368 204 392 patient0092 22
patient0092_0023 0 0.7425322532653809 214 332 242 361 patient0092 23
patient0092_0024 0 0.299350380897522 181 369 202 393 patient0092 24
patient0092_0025 0 0.2997147440910339 177 368 202 391 patient0092 25
patient0092_0026 0 0.4816664159297943 261 301 276 313 patient0092 26
patient0092_0026 0 0.3929879665374756 172 367 201 391 patient0092 26
patient0092_0029 0 0.3477261364459991 157 378 174 392 patient0092 29
patient0092_0046 0 0.2591031193733215 179 362 202 389 patient0092 46
patient0093_0003 0 0.3520836234092712 403 147 425 162 patient0093 3
patient0094_0008 0 0.3578200042247772 213 277 239 299 patient0094 8
patient0094_0009 0 0.2996613085269928 357 233 374 252 patient0094 9
patient0094_0040 0 0.4938896000385284 169 393 185 409 patient0094 40
patient0094_0042 0 0.712875247001648 211 118 236 143 patient0094 42
patient0095_0013 0 0.549060046672821 150 202 170 217 patient0095 13
patient0095_0014 0 0.47451251745224 150 202 164 216 patient0095 14
patient0095_0015 0 0.3773507475852966 145 201 166 219 patient0095 15
patient0095_0146 0 0.4350096583366394 231 291 261 322 patient0095 146
patient0095_0147 0 0.314756691455841 229 287 261 324 patient0095 147
patient0095_0165 0 0.4092424809932709 234 117 264 147 patient0095 165
patient0095_0166 0 0.3897828757762909 234 116 262 147 patient0095 166
patient0096_0003 0 0.5463968515396118 336 209 371 256 patient0096 3
patient0096_0010 0 0.5388955473899841 359 462 405 512 patient0096 10
patient0096_0011 0 0.4818643033504486 308 366 335 386 patient0096 11
patient0096_0011 0 0.2656917572021484 359 460 404 512 patient0096 11
patient0096_0012 0 0.2917486131191253 229 269 264 303 patient0096 12
patient0096_0014 0 0.3741973638534546 173 339 190 363 patient0096 14
patient0096_0019 0 0.3245037496089935 233 275 267 296 patient0096 19
patient0096_0020 0 0.3425700068473816 185 467 199 480 patient0096 20
patient0096_0020 0 0.2959381937980652 183 361 199 386 patient0096 20
patient0096_0021 0 0.5563852190971375 183 363 199 385 patient0096 21
patient0096_0022 0 0.6696056127548218 183 365 200 385 patient0096 22
patient0096_0023 0 0.2514586448669433 183 363 202 386 patient0096 23
patient0096_0026 0 0.5773150324821472 183 364 201 386 patient0096 26
patient0096_0026 0 0.5050511956214905 308 387 323 403 patient0096 26
patient0096_0027 0 0.7412301301956177 183 363 202 387 patient0096 27
patient0096_0027 0 0.5066626667976379 308 387 322 403 patient0096 27
patient0096_0028 0 0.7742428779602051 182 363 203 388 patient0096 28
patient0096_0028 0 0.5001001358032227 409 315 439 355 patient0096 28
patient0096_0028 0 0.4248169660568237 308 387 321 402 patient0096 28
patient0096_0029 0 0.7563438415527344 181 365 202 387 patient0096 29
patient0096_0029 0 0.3222863972187042 266 366 307 411 patient0096 29
patient0096_0030 0 0.6178855895996094 171 346 200 387 patient0096 30
patient0096_0045 0 0.4993064403533935 264 385 299 436 patient0096 45
patient0096_0046 0 0.2986227869987488 376 140 394 159 patient0096 46
patient0096_0047 0 0.4326190650463104 372 140 394 156 patient0096 47
patient0096_0055 0 0.2528424561023712 414 375 437 398 patient0096 55
patient0096_0071 0 0.2812179923057556 236 305 259 327 patient0096 71
patient0096_0072 0 0.4526817202568054 234 305 255 327 patient0096 72
patient0096_0074 0 0.3722429871559143 237 306 257 328 patient0096 74
patient0096_0075 0 0.3003847002983093 237 307 255 328 patient0096 75
patient0096_0089 0 0.3037923872470855 322 251 354 281 patient0096 89
patient0097_0037 0 0.357774555683136 174 81 204 103 patient0097 37
patient0098_0012 0 0.322888046503067 260 252 287 283 patient0098 12
patient0098_0013 0 0.4230101108551025 286 312 302 327 patient0098 13
patient0098_0013 0 0.2879521548748016 261 248 287 281 patient0098 13
patient0098_0014 0 0.3871537148952484 286 312 304 326 patient0098 14
patient0098_0025 0 0.3244498372077942 322 327 337 354 patient0098 25
patient0098_0026 0 0.3579325675964355 323 328 337 355 patient0098 26
patient0098_0052 0 0.48007732629776 319 364 338 386 patient0098 52
patient0098_0052 0 0.4334481060504913 74 253 97 287 patient0098 52
patient0098_0053 0 0.6600305438041687 319 365 338 386 patient0098 53
patient0098_0060 0 0.3021963834762573 387 290 409 318 patient0098 60
patient0098_0072 0 0.3746883273124695 242 365 267 387 patient0098 72
patient0098_0073 0 0.3257512152194977 243 365 267 387 patient0098 73
patient0098_0078 0 0.5298592448234558 260 350 280 369 patient0098 78
patient0098_0079 0 0.4285731613636017 261 350 278 369 patient0098 79
patient0098_0099 0 0.4573660790920257 264 345 284 385 patient0098 99
patient0098_0100 0 0.5385969281196594 266 344 284 384 patient0098 100
patient0098_0178 0 0.3098329305648803 206 276 217 292 patient0098 178
patient0098_0181 0 0.7296657562255859 198 268 215 290 patient0098 181
patient0098_0182 0 0.7817419171333313 198 267 215 291 patient0098 182
patient0098_0183 0 0.8015594482421875 196 264 217 292 patient0098 183
patient0098_0184 0 0.7977824807167053 194 261 220 292 patient0098 184
patient0098_0185 0 0.8071926832199097 193 260 220 292 patient0098 185
patient0098_0186 0 0.8189307451248169 193 260 218 293 patient0098 186
patient0098_0187 0 0.8265546560287476 193 260 217 295 patient0098 187
patient0098_0188 0 0.816264808177948 192 258 218 295 patient0098 188
patient0098_0189 0 0.823667049407959 191 256 218 295 patient0098 189
patient0098_0190 0 0.8293055295944214 191 256 218 295 patient0098 190
patient0098_0191 0 0.8348902463912964 191 255 218 295 patient0098 191
patient0098_0192 0 0.8419299125671387 190 255 218 295 patient0098 192
patient0098_0193 0 0.848369300365448 189 254 218 295 patient0098 193
patient0098_0194 0 0.8731546401977539 187 245 218 296 patient0098 194
patient0098_0195 0 0.8770662546157837 186 245 218 296 patient0098 195
patient0098_0196 0 0.8799443244934082 185 245 221 296 patient0098 196
patient0098_0197 0 0.8591674566268921 184 244 223 295 patient0098 197
patient0098_0198 0 0.8631654977798462 183 242 226 296 patient0098 198
patient0098_0199 0 0.8522855043411255 182 241 226 296 patient0098 199
patient0098_0200 0 0.8397053480148315 180 242 227 296 patient0098 200
patient0098_0201 0 0.8411203622817993 177 242 228 296 patient0098 201
patient0098_0202 0 0.7458229064941406 176 242 228 296 patient0098 202
patient0098_0203 0 0.8544977903366089 175 242 228 297 patient0098 203
patient0098_0204 0 0.8510128259658813 175 242 229 297 patient0098 204
patient0098_0205 0 0.862479567527771 183 246 228 297 patient0098 205
patient0098_0206 0 0.8555452823638916 184 246 228 297 patient0098 206
patient0098_0207 0 0.8612271547317505 185 247 229 297 patient0098 207
patient0098_0208 0 0.871972918510437 186 248 229 297 patient0098 208
patient0098_0209 0 0.8549239039421082 186 247 230 297 patient0098 209
patient0098_0210 0 0.8544638156890869 188 247 229 296 patient0098 210
patient0098_0211 0 0.8587153553962708 189 248 228 296 patient0098 211
patient0098_0212 0 0.8652568459510803 190 249 228 296 patient0098 212
patient0098_0213 0 0.8639346957206726 191 249 228 296 patient0098 213
patient0098_0214 0 0.8515341877937317 192 249 227 296 patient0098 214
patient0098_0215 0 0.8671520948410034 193 249 228 296 patient0098 215
patient0098_0216 0 0.8810084462165833 194 248 228 296 patient0098 216
patient0098_0217 0 0.8763300180435181 196 248 227 296 patient0098 217
patient0098_0218 0 0.8592313528060913 197 247 227 295 patient0098 218
patient0098_0219 0 0.8498110175132751 199 247 227 295 patient0098 219
patient0098_0220 0 0.8529514670372009 200 247 227 294 patient0098 220
patient0098_0221 0 0.8691529631614685 200 248 228 294 patient0098 221
patient0098_0222 0 0.874459981918335 200 247 228 294 patient0098 222
patient0098_0223 0 0.86044842004776 200 246 227 295 patient0098 223
patient0098_0224 0 0.840737521648407 199 245 227 295 patient0098 224
patient0098_0225 0 0.8384251594543457 198 245 227 294 patient0098 225
patient0098_0226 0 0.8414810299873352 196 245 227 294 patient0098 226
patient0098_0227 0 0.8334812521934509 195 246 226 294 patient0098 227
patient0098_0228 0 0.8199040293693542 196 245 228 293 patient0098 228
patient0098_0229 0 0.821769654750824 196 245 228 293 patient0098 229
patient0098_0229 0 0.356901466846466 277 353 326 417 patient0098 229
patient0098_0230 0 0.8173983097076416 196 243 228 293 patient0098 230
patient0098_0230 0 0.3166983425617218 274 353 326 417 patient0098 230
patient0098_0231 0 0.8005955219268799 196 243 228 292 patient0098 231
patient0098_0232 0 0.8017852306365967 196 242 230 292 patient0098 232
patient0098_0233 0 0.8229252099990845 195 242 232 292 patient0098 233
patient0098_0234 0 0.6433019638061523 194 242 236 291 patient0098 234
patient0098_0235 0 0.7790852785110474 209 242 234 269 patient0098 235
patient0098_0236 0 0.7708578705787659 209 241 234 269 patient0098 236
patient0098_0237 0 0.8108397126197815 208 242 234 268 patient0098 237
patient0098_0238 0 0.8229748606681824 209 242 233 268 patient0098 238
patient0098_0239 0 0.8415961265563965 208 241 233 270 patient0098 239
patient0098_0240 0 0.8469283580780029 208 241 234 270 patient0098 240
patient0098_0241 0 0.8391721248626709 208 242 233 269 patient0098 241
patient0098_0242 0 0.8118903636932373 208 241 233 266 patient0098 242
patient0098_0243 0 0.7432349920272827 209 241 231 264 patient0098 243
patient0098_0244 0 0.7830552458763123 207 241 229 263 patient0098 244
patient0098_0245 0 0.8007614016532898 206 241 229 262 patient0098 245
patient0098_0246 0 0.8116334080696106 207 241 229 262 patient0098 246
patient0098_0247 0 0.8203703761100769 208 241 230 261 patient0098 247
patient0098_0248 0 0.792055070400238 208 242 225 257 patient0098 248
patient0098_0249 0 0.7663566470146179 209 242 224 255 patient0098 249
patient0098_0250 0 0.7763519883155823 208 243 222 255 patient0098 250
patient0098_0251 0 0.7758253216743469 208 242 221 254 patient0098 251
patient0098_0252 0 0.7655615210533142 209 241 221 253 patient0098 252
patient0098_0253 0 0.7362693548202515 209 241 220 252 patient0098 253
patient0098_0254 0 0.6807944774627686 208 240 219 252 patient0098 254
patient0098_0255 0 0.6616432070732117 206 239 218 252 patient0098 255
patient0098_0256 0 0.6624003052711487 207 240 218 252 patient0098 256
patient0098_0257 0 0.648426353931427 206 239 217 252 patient0098 257
patient0098_0258 0 0.6260581016540527 206 239 217 252 patient0098 258
patient0098_0259 0 0.6662171483039856 206 240 216 252 patient0098 259
patient0098_0260 0 0.6961048245429993 205 240 216 253 patient0098 260
patient0098_0261 0 0.631089985370636 204 240 216 253 patient0098 261
patient0099_0043 0 0.3588044643402099 238 120 273 157 patient0099 43
patient0099_0068 0 0.3549872934818268 168 445 236 512 patient0099 68
patient0099_0070 0 0.5328890085220337 205 64 225 91 patient0099 70
patient0099_0071 0 0.4908895790576935 206 65 225 91 patient0099 71
patient0099_0073 0 0.2512292861938476 378 458 403 492 patient0099 73
patient0100_0002 0 0.2985692620277405 285 376 310 405 patient0100 2
patient0100_0019 0 0.3316469490528106 276 387 294 401 patient0100 19
patient0100_0026 0 0.4386395812034607 99 245 118 268 patient0100 26
patient0100_0026 0 0.3662065863609314 111 243 137 272 patient0100 26
patient0100_0056 0 0.349808782339096 319 423 335 443 patient0100 56
patient0100_0072 0 0.4606888592243194 258 195 283 229 patient0100 72
