patient0051_0031 0 0.4024203419685364 310 233 330 251
patient0051_0032 0 0.3575402498245239 312 232 331 252
patient0051_0070 0 0.30359387397766113 235 104 280 143
patient0051_0114 0 0.3988179862499237 206 235 233 251
patient0051_0116 0 0.3500327169895172 205 239 231 253
patient0051_0217 0 0.30614301562309265 204 276 219 293
patient0051_0218 0 0.4907017946243286 203 276 219 294
patient0051_0219 0 0.5177491903305054 203 276 219 295
patient0051_0220 0 0.48510587215423584 202 277 220 296
patient0051_0221 0 0.7028347253799438 199 274 221 297
patient0051_0222 0 0.8124518394470215 198 269 222 298
patient0051_0223 0 0.8033419847488403 198 269 222 299
patient0051_0224 0 0.7764009833335876 199 269 222 301
patient0051_0225 0 0.7781571745872498 197 268 222 301
patient0051_0226 0 0.7842819094657898 197 267 222 301
patient0051_0227 0 0.81162029504776 196 266 223 302
patient0051_0228 0 0.816160261631012 196 266 223 301
patient0051_0229 0 0.812364399433136 196 265 223 302
patient0051_0230 0 0.8179667592048645 194 264 223 302
patient0051_0231 0 0.81959068775177 193 264 222 302
patient0051_0232 0 0.8114505410194397 192 262 222 302
patient0051_0233 0 0.7700681686401367 192 242 235 304
patient0051_0234 0 0.8255345225334167 191 244 242 304
patient0051_0235 0 0.8329707980155945 190 242 244 305
patient0051_0236 0 0.8259261250495911 189 242 245 306
patient0051_0237 0 0.8226689696311951 189 242 245 306
patient0051_0238 0 0.8367564678192139 189 243 246 306
patient0051_0239 0 0.8486084342002869 189 242 247 307
patient0051_0240 0 0.8644152283668518 186 240 248 307
patient0051_0241 0 0.876754641532898 185 240 248 308
patient0051_0242 0 0.8790119290351868 184 240 249 308
patient0051_0243 0 0.8645270466804504 184 240 249 308
patient0051_0244 0 0.8622379899024963 182 241 249 309
patient0051_0245 0 0.8596259951591492 181 241 250 309
patient0051_0246 0 0.8629603385925293 181 240 250 309
patient0051_0247 0 0.8508979678153992 181 240 250 310
patient0051_0248 0 0.8277558088302612 180 241 250 310
patient0051_0249 0 0.8036181330680847 180 241 252 311
patient0051_0250 0 0.8223162293434143 179 241 252 311
patient0051_0251 0 0.8230516314506531 178 242 253 311
patient0051_0252 0 0.8097336292266846 178 243 253 311
patient0051_0253 0 0.7668208479881287 189 245 253 310
patient0051_0254 0 0.7753694653511047 199 246 253 310
patient0051_0255 0 0.7970725893974304 201 246 253 311
patient0051_0256 0 0.8026507496833801 204 246 253 311
patient0051_0257 0 0.7728901505470276 206 246 253 311
patient0051_0258 0 0.8134700655937195 214 246 254 311
patient0051_0259 0 0.8270248174667358 215 246 256 312
patient0051_0260 0 0.8248478174209595 215 246 261 312
patient0051_0261 0 0.8412314653396606 214 246 262 311
patient0051_0262 0 0.8554902672767639 214 246 262 311
patient0051_0263 0 0.8740877509117126 213 245 263 311
patient0051_0264 0 0.8562590479850769 212 245 264 311
patient0051_0265 0 0.848236083984375 210 245 264 312
patient0051_0266 0 0.8325528502464294 210 245 264 312
patient0051_0267 0 0.8333974480628967 209 245 264 313
patient0051_0268 0 0.8149462938308716 209 245 261 312
patient0051_0268 0 0.33472940325737 225 246 262 281
patient0051_0269 0 0.8309203386306763 208 244 262 312
patient0051_0269 0 0.3770143687725067 225 245 262 278
patient0051_0270 0 0.7693902254104614 208 245 262 312
patient0051_0270 0 0.6173173189163208 224 245 262 277
patient0051_0271 0 0.6725682020187378 225 244 261 275
patient0051_0272 0 0.6749957799911499 225 242 259 272
patient0051_0273 0 0.6974369287490845 226 241 258 271
patient0051_0274 0 0.7432160377502441 226 242 257 270
patient0051_0275 0 0.7441239356994629 224 242 257 270
patient0051_0276 0 0.6666834950447083 225 243 256 269
patient0051_0277 0 0.6583409309387207 225 243 256 269
patient0051_0278 0 0.6931331157684326 226 242 255 268
patient0051_0279 0 0.721413254737854 224 242 254 269
patient0051_0280 0 0.6560482382774353 225 242 254 267
patient0051_0281 0 0.5509462356567383 238 242 254 264
patient0051_0282 0 0.6037424802780151 237 242 253 263
patient0051_0283 0 0.6053512096405029 236 242 252 263
patient0051_0284 0 0.6326437592506409 232 242 251 263
patient0051_0285 0 0.6687087416648865 229 242 249 262
patient0051_0286 0 0.6602643728256226 230 244 248 262
patient0051_0287 0 0.6577038168907166 230 245 246 261
patient0051_0288 0 0.5654187798500061 231 245 245 261
patient0051_0289 0 0.49392443895339966 232 246 244 260
patient0051_0290 0 0.4488270580768585 232 246 242 259
patient0051_0291 0 0.4748157560825348 232 246 242 258
patient0051_0292 0 0.4813162088394165 231 246 241 258
patient0051_0293 0 0.5141527652740479 230 246 241 258
patient0051_0294 0 0.5489923357963562 230 247 241 258
patient0051_0295 0 0.5870907306671143 230 247 240 258
patient0051_0296 0 0.5777832269668579 229 248 239 258
patient0051_0297 0 0.4790987968444824 225 247 237 258
patient0051_0298 0 0.49996232986450195 225 247 235 258
patient0051_0299 0 0.47292739152908325 225 249 235 258
patient0051_0300 0 0.4592146575450897 225 249 235 259
patient0051_0301 0 0.5166212320327759 223 248 234 259
patient0051_0302 0 0.522526741027832 222 248 233 260
patient0051_0302 0 0.3033909797668457 205 250 236 306
patient0051_0303 0 0.4948260486125946 222 249 233 260
patient0051_0303 0 0.34054088592529297 207 250 236 305
patient0052_0001 0 0.2562839090824127 430 265 465 316
patient0052_0003 0 0.2684650421142578 429 278 452 312
patient0052_0044 0 0.4252665042877197 293 317 321 354
patient0052_0045 0 0.389040470123291 295 322 322 353
patient0052_0109 0 0.49907663464546204 192 266 222 291
patient0052_0110 0 0.3745559751987457 192 260 224 292
patient0052_0142 0 0.49407273530960083 245 238 268 270
patient0052_0148 0 0.5136448740959167 247 248 270 279
patient0052_0149 0 0.7580946087837219 246 245 267 270
patient0052_0150 0 0.7748976349830627 247 243 267 271
patient0052_0151 0 0.7772846817970276 248 241 268 274
patient0052_0152 0 0.8025636076927185 247 239 270 276
patient0052_0153 0 0.7897396087646484 247 238 270 278
patient0052_0154 0 0.799346387386322 245 235 271 279
patient0052_0155 0 0.828040361404419 243 234 273 280
patient0052_0156 0 0.819652795791626 242 232 274 281
patient0052_0157 0 0.8035759925842285 243 231 275 282
patient0052_0158 0 0.7965362668037415 242 223 277 282
patient0052_0159 0 0.7773861885070801 243 221 283 283
patient0052_0160 0 0.8098787069320679 242 221 289 284
patient0052_0161 0 0.8272249102592468 241 220 291 284
patient0052_0162 0 0.8485623002052307 241 219 293 284
patient0052_0163 0 0.8558542132377625 240 220 294 284
patient0052_0164 0 0.8524606227874756 240 221 294 284
patient0052_0165 0 0.8670378923416138 238 221 294 284
patient0052_0166 0 0.8746877312660217 237 222 295 285
patient0052_0167 0 0.8765475153923035 236 223 295 285
patient0052_0168 0 0.8771471977233887 236 222 296 285
patient0052_0169 0 0.8757619261741638 235 221 295 285
patient0052_0170 0 0.851371705532074 234 222 296 285
patient0052_0171 0 0.823406994342804 235 224 296 285
patient0052_0172 0 0.8563154339790344 248 230 297 286
patient0052_0173 0 0.8447112441062927 251 231 297 286
patient0052_0174 0 0.8288484811782837 257 229 298 286
patient0052_0175 0 0.8126599192619324 257 228 301 286
patient0052_0176 0 0.7931805849075317 257 226 303 285
patient0052_0177 0 0.7916672825813293 257 226 304 284
patient0052_0178 0 0.7916589379310608 257 226 303 284
patient0052_0179 0 0.7797601222991943 257 226 302 284
patient0052_0180 0 0.7429877519607544 257 226 302 283
patient0052_0181 0 0.7650668621063232 257 226 301 282
patient0052_0182 0 0.7698053121566772 256 227 302 281
patient0052_0183 0 0.7897107601165771 255 228 302 280
patient0052_0183 0 0.5267140865325928 276 227 301 256
patient0052_0184 0 0.698459804058075 255 227 303 281
patient0052_0184 0 0.6590516567230225 277 227 302 256
patient0052_0185 0 0.7255381345748901 277 226 302 256
patient0052_0185 0 0.6615880131721497 252 226 303 281
patient0052_0186 0 0.7442342042922974 277 226 301 254
patient0052_0186 0 0.5895391702651978 251 226 301 280
patient0052_0187 0 0.7336426973342896 277 226 301 253
patient0052_0187 0 0.5271971821784973 251 226 301 280
patient0052_0188 0 0.7344072461128235 277 226 301 251
patient0052_0188 0 0.4698231518268585 250 226 300 280
patient0052_0189 0 0.7173560261726379 277 226 300 249
patient0052_0190 0 0.7142071723937988 277 227 300 249
patient0052_0191 0 0.7197688817977905 278 228 298 247
patient0052_0192 0 0.7310791611671448 278 229 297 246
patient0052_0193 0 0.6864020228385925 277 229 295 245
patient0052_0194 0 0.6420459747314453 279 229 295 244
patient0052_0195 0 0.5875751972198486 282 230 294 243
patient0052_0196 0 0.5992128849029541 283 228 294 243
patient0052_0197 0 0.5580694675445557 283 227 293 242
patient0052_0198 0 0.5218937993049622 281 229 292 242
patient0052_0199 0 0.5149039030075073 281 230 292 242
patient0052_0200 0 0.5775456428527832 280 230 291 242
patient0052_0201 0 0.6188122034072876 281 228 291 241
patient0052_0202 0 0.6358652710914612 280 228 290 241
patient0052_0203 0 0.4119645059108734 279 228 288 242
patient0053_0001 0 0.31814950704574585 340 148 369 186
patient0053_0022 0 0.3683319389820099 207 343 240 367
patient0053_0023 0 0.4009436070919037 206 343 240 369
patient0053_0024 0 0.3189724087715149 207 344 239 369
patient0053_0082 0 0.3045969009399414 213 321 239 359
patient0053_0096 0 0.496177613735199 209 304 277 375
patient0053_0097 0 0.6753566861152649 209 303 276 375
patient0053_0105 0 0.3586313724517822 195 274 210 296
patient0053_0106 0 0.7126781940460205 194 269 210 296
patient0053_0107 0 0.7745107412338257 194 268 211 300
patient0053_0108 0 0.7890052795410156 194 267 212 303
patient0053_0109 0 0.7710075974464417 193 265 213 305
patient0053_0110 0 0.8080174922943115 193 262 213 306
patient0053_0111 0 0.8118107914924622 194 261 213 307
patient0053_0112 0 0.8245893716812134 194 259 213 307
patient0053_0113 0 0.8138502240180969 194 257 214 306
patient0053_0114 0 0.7922584414482117 194 256 215 307
patient0053_0115 0 0.7863295674324036 194 254 216 307
patient0053_0116 0 0.7925291657447815 194 253 217 307
patient0053_0117 0 0.7918136715888977 193 252 216 307
patient0053_0118 0 0.7874768376350403 193 252 216 307
patient0053_0119 0 0.784681499004364 193 250 219 308
patient0053_0120 0 0.8043930530548096 190 240 226 309
patient0053_0121 0 0.8139063715934753 188 238 225 309
patient0053_0122 0 0.8112017512321472 189 237 228 309
patient0053_0123 0 0.8190059661865234 188 235 230 309
patient0053_0124 0 0.8041151165962219 186 233 231 309
patient0053_0125 0 0.7819228172302246 184 234 236 310
patient0053_0126 0 0.7643148899078369 184 235 240 310
patient0053_0127 0 0.7964353561401367 184 234 243 310
patient0053_0128 0 0.7857327461242676 183 235 243 310
patient0053_0129 0 0.8411059379577637 183 234 245 310
patient0053_0130 0 0.8496944308280945 183 234 246 310
patient0053_0131 0 0.8429412245750427 184 236 247 310
patient0053_0132 0 0.8289631605148315 183 237 246 310
patient0053_0133 0 0.8020241260528564 182 234 247 310
patient0053_0134 0 0.7479326128959656 184 234 247 311
patient0053_0135 0 0.7712043523788452 187 261 248 310
patient0053_0136 0 0.7889089584350586 193 262 248 309
patient0053_0137 0 0.7913997769355774 192 258 249 310
patient0053_0138 0 0.814731776714325 192 258 249 310
patient0053_0139 0 0.823896050453186 192 260 248 309
patient0053_0140 0 0.8253768086433411 191 261 248 309
patient0053_0141 0 0.8333103060722351 191 262 249 309
patient0053_0142 0 0.8453742265701294 191 264 248 309
patient0053_0143 0 0.8576909899711609 190 264 247 309
patient0053_0144 0 0.8623051643371582 189 265 246 309
patient0053_0145 0 0.8604719042778015 189 265 245 308
patient0053_0146 0 0.8584342002868652 189 265 245 308
patient0053_0147 0 0.7982913851737976 189 264 244 309
patient0053_0148 0 0.7419412136077881 187 263 246 308
patient0053_0149 0 0.7654072642326355 186 263 245 308
patient0053_0150 0 0.755903422832489 185 262 244 310
patient0053_0151 0 0.702498197555542 212 262 243 311
patient0053_0152 0 0.7609063386917114 206 262 244 310
patient0053_0153 0 0.6424278616905212 211 260 246 310
patient0053_0154 0 0.7479757070541382 213 259 247 308
patient0053_0155 0 0.7168156504631042 214 259 246 309
patient0053_0156 0 0.8227828145027161 214 260 247 310
patient0053_0157 0 0.7792967557907104 214 260 246 306
patient0053_0158 0 0.6964057087898254 214 261 243 304
patient0053_0159 0 0.7045586705207825 214 260 243 303
patient0053_0160 0 0.532914400100708 214 260 242 301
patient0053_0161 0 0.6867285966873169 214 260 241 294
patient0053_0162 0 0.7100315690040588 214 261 240 292
patient0053_0163 0 0.7230994701385498 214 260 240 291
patient0053_0164 0 0.6693223714828491 213 259 240 291
patient0053_0165 0 0.7553290128707886 213 259 239 284
patient0053_0166 0 0.7360361218452454 214 260 238 281
patient0053_0167 0 0.6780584454536438 214 259 237 277
patient0053_0168 0 0.7413129806518555 214 259 237 275
patient0053_0169 0 0.7431246638298035 215 258 237 275
patient0053_0170 0 0.6944698095321655 215 258 237 274
patient0053_0171 0 0.6953251361846924 215 257 237 273
patient0053_0172 0 0.7024030685424805 215 256 233 271
patient0053_0172 0 0.3391272723674774 208 233 220 243
patient0053_0173 0 0.6895610690116882 215 256 231 271
patient0053_0174 0 0.6291782855987549 215 251 230 270
patient0053_0175 0 0.5502380728721619 213 253 229 269
patient0053_0176 0 0.5033866763114929 213 253 229 270
patient0053_0177 0 0.43407613039016724 213 252 227 271
patient0053_0178 0 0.3014145493507385 212 251 227 271
patient0054_0017 0 0.32906845211982727 207 407 238 444
patient0054_0088 0 0.29373377561569214 146 277 200 350
patient0054_0089 0 0.6367473602294922 146 277 200 349
patient0054_0090 0 0.7031196355819702 146 278 199 347
patient0054_0091 0 0.5301004648208618 145 276 199 348
patient0054_0092 0 0.4450216293334961 143 273 200 348
patient0054_0093 0 0.4421452581882477 141 271 201 349
patient0054_0094 0 0.5755288600921631 140 270 201 350
patient0054_0094 0 0.31772926449775696 171 265 199 292
patient0054_0095 0 0.5831674933433533 140 270 201 349
patient0054_0095 0 0.32014796137809753 55 148 95 196
patient0054_0096 0 0.5321230888366699 58 147 95 195
patient0054_0096 0 0.3350849747657776 140 270 201 348
patient0054_0097 0 0.4460700750350952 62 152 97 201
patient0054_0186 0 0.36530134081840515 212 291 229 310
patient0054_0187 0 0.39393818378448486 212 291 229 310
patient0054_0188 0 0.2823706567287445 211 290 228 311
patient0054_0190 0 0.36199554800987244 211 289 228 312
patient0054_0191 0 0.2748105823993683 210 291 227 313
patient0054_0192 0 0.2757207751274109 210 290 227 310
patient0054_0193 0 0.3926101326942444 209 288 226 308
patient0054_0194 0 0.5380285978317261 208 284 226 308
patient0054_0196 0 0.6208798289299011 207 280 225 304
patient0054_0197 0 0.7195402979850769 205 279 224 303
patient0054_0198 0 0.7543780207633972 206 278 225 305
patient0054_0199 0 0.7670409083366394 206 277 226 307
patient0054_0200 0 0.7781925201416016 206 275 227 307
patient0054_0201 0 0.8010312914848328 206 275 228 308
patient0054_0202 0 0.8133713603019714 205 274 228 309
patient0054_0203 0 0.8255998492240906 204 272 229 310
patient0054_0204 0 0.8184312582015991 204 271 229 311
patient0054_0205 0 0.7931070923805237 204 271 230 312
patient0054_0205 0 0.5967375040054321 205 259 248 312
patient0054_0206 0 0.8028991222381592 203 259 250 314
patient0054_0207 0 0.8037189841270447 202 257 249 314
patient0054_0208 0 0.7939863801002502 201 257 253 315
patient0054_0209 0 0.8144027590751648 200 256 254 315
patient0054_0210 0 0.8501188158988953 200 256 254 315
patient0054_0211 0 0.8602269291877747 199 256 255 315
patient0054_0212 0 0.8667603135108948 199 256 255 315
patient0054_0213 0 0.8654903769493103 199 256 255 315
patient0054_0214 0 0.8674619793891907 198 257 254 315
patient0054_0215 0 0.8752269148826599 198 256 255 315
patient0054_0216 0 0.8773091435432434 197 256 256 315
patient0054_0217 0 0.8762123584747314 197 256 257 316
patient0054_0218 0 0.8700494766235352 196 256 257 316
patient0054_0219 0 0.8691966533660889 196 256 257 316
patient0054_0220 0 0.8717217445373535 196 256 257 316
patient0054_0221 0 0.8772611618041992 196 255 257 316
patient0054_0222 0 0.8820697665214539 195 254 258 316
patient0054_0223 0 0.879691481590271 195 255 258 316
patient0054_0224 0 0.8672026991844177 194 255 258 316
patient0054_0225 0 0.8064855933189392 209 261 259 315
patient0054_0226 0 0.8299207091331482 211 263 259 315
patient0054_0227 0 0.813263475894928 214 263 259 315
patient0054_0228 0 0.8058246970176697 214 263 258 315
patient0054_0229 0 0.8104161620140076 212 263 258 315
patient0054_0230 0 0.7903283834457397 218 264 258 316
patient0054_0231 0 0.8260691165924072 220 265 258 316
patient0054_0232 0 0.851131021976471 222 266 258 316
patient0054_0233 0 0.8378649950027466 222 266 258 316
patient0054_0234 0 0.8133002519607544 221 266 259 316
patient0054_0235 0 0.8335146903991699 221 265 266 316
patient0054_0236 0 0.8240008354187012 221 265 266 316
patient0054_0237 0 0.8366805911064148 221 265 266 316
patient0054_0238 0 0.8423109650611877 221 264 267 316
patient0054_0239 0 0.8433650732040405 220 264 266 316
patient0054_0240 0 0.8392027616500854 220 264 265 316
patient0054_0241 0 0.822462797164917 220 264 264 316
patient0054_0242 0 0.8158426284790039 219 264 263 316
patient0054_0243 0 0.8215421438217163 219 264 262 315
patient0054_0244 0 0.7982075214385986 218 264 263 315
patient0054_0244 0 0.28798365592956543 235 265 262 288
patient0054_0245 0 0.6996409296989441 218 265 264 315
patient0054_0245 0 0.479701966047287 235 267 262 287
patient0054_0246 0 0.7169187664985657 236 263 262 287
patient0054_0247 0 0.7064321637153625 237 264 262 285
patient0054_0248 0 0.7212886810302734 238 264 261 283
patient0054_0249 0 0.5993264317512512 239 258 260 281
patient0054_0250 0 0.5859350562095642 239 260 260 280
patient0054_0251 0 0.6636369824409485 238 261 260 280
patient0054_0252 0 0.6573010683059692 242 261 259 279
patient0054_0253 0 0.6409862041473389 243 262 258 278
patient0054_0254 0 0.6464475989341736 244 263 257 277
patient0054_0255 0 0.6618680357933044 243 263 257 276
patient0054_0256 0 0.6689729690551758 243 263 257 276
patient0054_0257 0 0.6715682148933411 243 262 256 275
patient0054_0258 0 0.6508611440658569 242 262 255 275
patient0054_0259 0 0.6310132145881653 241 262 254 275
patient0054_0260 0 0.6097953915596008 241 260 254 274
patient0054_0261 0 0.5756192207336426 242 260 253 274
patient0054_0262 0 0.5627878904342651 242 259 252 273
patient0054_0263 0 0.5677477121353149 241 259 251 273
patient0054_0264 0 0.5715104341506958 240 259 251 273
patient0054_0265 0 0.5806713700294495 239 259 249 273
patient0054_0266 0 0.5834335088729858 239 259 249 273
patient0054_0267 0 0.5285167694091797 238 259 248 273
patient0054_0268 0 0.3970145583152771 238 260 247 274
patient0055_0012 0 0.257290780544281 272 280 306 318
patient0055_0022 0 0.5186590552330017 225 313 240 332
patient0055_0025 0 0.516685962677002 171 385 185 401
patient0055_0026 0 0.515082061290741 170 385 184 401
patient0055_0030 0 0.36901095509529114 167 383 183 399
patient0055_0041 0 0.25828251242637634 169 379 187 402
patient0055_0064 0 0.28317826986312866 170 376 187 398
patient0055_0175 0 0.2718619704246521 191 259 204 274
patient0055_0185 0 0.6496663093566895 187 255 204 275
patient0055_0186 0 0.7643634676933289 188 254 205 276
patient0055_0187 0 0.7933127284049988 188 252 205 276
patient0055_0188 0 0.8096796870231628 187 252 206 277
patient0055_0189 0 0.8045470118522644 186 251 206 277
patient0055_0190 0 0.7792826294898987 186 250 208 278
patient0055_0191 0 0.7743198275566101 185 249 209 278
patient0055_0192 0 0.29141953587532043 184 248 209 279
patient0055_0193 0 0.6941110491752625 183 234 221 279
patient0055_0194 0 0.790300190448761 183 235 222 279
patient0055_0195 0 0.7783942818641663 181 235 222 279
patient0055_0196 0 0.8246559500694275 181 236 221 280
patient0055_0197 0 0.8237294554710388 180 236 220 280
patient0055_0198 0 0.8301882147789001 179 234 226 281
patient0055_0199 0 0.7936314344406128 178 234 228 282
patient0055_0200 0 0.7895455360412598 177 234 228 281
patient0055_0201 0 0.8039926290512085 177 234 227 281
patient0055_0202 0 0.7351710200309753 198 233 227 281
patient0055_0203 0 0.7440400123596191 197 234 228 281
patient0055_0204 0 0.7675243020057678 175 234 228 281
patient0055_0205 0 0.743683934211731 188 234 228 281
patient0055_0206 0 0.8241038918495178 196 233 228 281
patient0055_0207 0 0.8316360712051392 195 233 227 281
patient0055_0208 0 0.8070937395095825 198 233 228 281
patient0055_0209 0 0.8048252463340759 201 234 228 281
patient0055_0210 0 0.7780708074569702 202 234 228 281
patient0055_0211 0 0.7886861562728882 202 234 229 280
patient0055_0212 0 0.7986831068992615 202 233 229 280
patient0055_0213 0 0.7951993942260742 201 233 229 280
patient0055_0214 0 0.8287339806556702 201 232 230 280
patient0055_0215 0 0.8284162878990173 201 231 232 280
patient0055_0216 0 0.8044845461845398 201 230 234 280
patient0055_0217 0 0.794692873954773 200 229 234 280
patient0055_0218 0 0.8072782158851624 199 228 234 280
patient0055_0219 0 0.5749126076698303 198 228 234 282
patient0055_0220 0 0.5995306968688965 198 228 233 282
patient0055_0221 0 0.532837986946106 197 229 231 282
patient0055_0221 0 0.30647575855255127 216 229 229 243
patient0055_0222 0 0.4067975580692291 215 229 228 243
patient0055_0222 0 0.3706875741481781 196 228 230 282
patient0055_0223 0 0.47867685556411743 216 229 228 242
patient0055_0224 0 0.49736979603767395 214 230 226 241
patient0055_0225 0 0.5768569707870483 212 230 226 240
patient0055_0226 0 0.55953049659729 212 229 225 240
patient0055_0227 0 0.566196084022522 211 229 224 239
patient0055_0228 0 0.5737691521644592 211 229 223 239
patient0055_0229 0 0.575900673866272 211 228 223 238
patient0055_0230 0 0.5874120593070984 211 228 222 237
patient0055_0231 0 0.6042723655700684 210 228 220 237
patient0055_0232 0 0.5572143197059631 208 228 219 237
patient0055_0233 0 0.5244120359420776 207 228 218 238
patient0055_0234 0 0.4984259307384491 207 229 218 238
patient0055_0235 0 0.4732150137424469 207 230 219 239
patient0056_0034 0 0.4436604380607605 258 60 281 84
patient0056_0059 0 0.31233641505241394 19 40 38 59
patient0056_0060 0 0.29077550768852234 20 40 38 59
patient0056_0061 0 0.3739005923271179 214 282 250 329
patient0056_0065 0 0.5915601253509521 198 263 237 305
patient0056_0076 0 0.4138595163822174 324 230 341 251
patient0056_0084 0 0.3548434376716614 177 301 211 344
patient0056_0091 0 0.5584126114845276 239 283 267 310
patient0056_0092 0 0.43508845567703247 239 284 266 312
patient0056_0130 0 0.27070531249046326 161 279 193 293
patient0056_0131 0 0.2509911358356476 176 279 192 292
patient0056_0132 0 0.2932894229888916 178 280 191 291
patient0056_0133 0 0.286418080329895 177 278 192 294
patient0056_0136 0 0.25686728954315186 178 278 192 294
patient0056_0137 0 0.36778727173805237 178 280 191 295
patient0056_0139 0 0.4203590452671051 172 266 191 295
patient0056_0140 0 0.43322446942329407 173 264 191 296
patient0056_0141 0 0.6962326765060425 173 262 193 294
patient0056_0142 0 0.7333172559738159 172 259 193 294
patient0056_0143 0 0.7569805383682251 173 257 195 295
patient0056_0144 0 0.7586424946784973 172 255 197 296
patient0056_0145 0 0.7515281438827515 173 254 197 297
patient0056_0146 0 0.754011869430542 172 237 207 299
patient0056_0147 0 0.7959924936294556 172 251 198 298
patient0056_0148 0 0.7878695726394653 172 250 199 300
patient0056_0148 0 0.7713586091995239 171 245 228 301
patient0056_0149 0 0.846035361289978 171 244 228 302
patient0056_0149 0 0.7962446808815002 172 249 200 302
patient0056_0150 0 0.8747723698616028 171 243 230 303
patient0056_0151 0 0.8697945475578308 171 241 231 303
patient0056_0152 0 0.8894681334495544 170 239 231 303
patient0056_0153 0 0.8891395926475525 168 238 231 303
patient0056_0154 0 0.8855475783348083 167 238 231 303
patient0056_0154 0 0.3049147427082062 211 228 224 243
patient0056_0155 0 0.8853268027305603 167 235 231 303
patient0056_0156 0 0.8816660642623901 167 237 232 304
patient0056_0156 0 0.4017033874988556 177 281 204 302
patient0056_0157 0 0.8802751898765564 167 237 234 304
patient0056_0158 0 0.8835580348968506 167 237 234 305
patient0056_0159 0 0.8736464977264404 166 238 234 305
patient0056_0160 0 0.8873980045318604 165 239 233 305
patient0056_0161 0 0.8946830034255981 164 238 233 305
patient0056_0162 0 0.8049921989440918 165 239 232 306
patient0056_0163 0 0.832684338092804 181 251 234 306
patient0056_0164 0 0.8113721609115601 181 251 234 306
patient0056_0165 0 0.8014355301856995 180 252 234 306
patient0056_0166 0 0.8408289551734924 181 252 234 307
patient0056_0167 0 0.8161890506744385 180 252 234 307
patient0056_0168 0 0.7887961268424988 177 251 237 306
patient0056_0169 0 0.7864499092102051 205 252 237 298
patient0056_0170 0 0.7890073657035828 206 252 237 297
patient0056_0171 0 0.7301192283630371 207 252 237 293
patient0056_0172 0 0.7401556372642517 206 252 236 283
patient0056_0173 0 0.7699834704399109 208 252 235 280
patient0056_0174 0 0.789293646812439 208 252 235 279
patient0056_0175 0 0.7955554723739624 208 252 235 278
patient0056_0176 0 0.8017160892486572 209 251 235 277
patient0056_0177 0 0.7905644178390503 210 252 235 277
patient0056_0178 0 0.7640230655670166 210 251 234 273
patient0056_0179 0 0.7474508881568909 210 252 234 269
patient0056_0180 0 0.7550416588783264 209 252 234 270
patient0056_0181 0 0.7419138550758362 210 251 234 271
patient0056_0182 0 0.7086124420166016 213 250 234 270
patient0056_0183 0 0.6570743918418884 212 249 233 268
patient0056_0184 0 0.615129828453064 216 251 230 266
patient0056_0185 0 0.5655436515808105 215 251 227 263
patient0056_0186 0 0.5557422637939453 214 252 225 262
patient0056_0187 0 0.5694296956062317 213 252 224 261
patient0056_0188 0 0.6205277442932129 213 250 224 261
patient0056_0189 0 0.6232656240463257 213 250 224 261
patient0056_0190 0 0.48270055651664734 212 250 223 260
patient0056_0191 0 0.28737491369247437 212 249 222 261
patient0056_0222 0 0.5497204065322876 9 258 25 282
patient0056_0223 0 0.427485853433609 9 259 25 283
patient0057_0001 0 0.3451578915119171 244 335 281 390
patient0057_0003 0 0.4249614477157593 252 347 286 393
patient0057_0224 0 0.7066971063613892 173 260 191 285
patient0057_0225 0 0.7623221278190613 172 258 192 286
patient0057_0226 0 0.7759753465652466 172 258 193 287
patient0057_0227 0 0.7821957468986511 171 257 194 288
patient0057_0228 0 0.8033244013786316 169 256 194 290
patient0057_0229 0 0.8057076930999756 167 256 195 291
patient0057_0230 0 0.7901924252510071 165 255 195 292
patient0057_0231 0 0.7764297723770142 165 255 195 293
patient0057_0232 0 0.7877278327941895 164 253 195 294
patient0057_0233 0 0.7655356526374817 164 249 196 295
patient0057_0234 0 0.8150234818458557 164 241 208 296
patient0057_0235 0 0.8265202045440674 162 240 209 296
patient0057_0236 0 0.83191978931427 162 240 210 295
patient0057_0237 0 0.8338001370429993 160 242 211 295
patient0057_0238 0 0.834154486656189 159 242 211 295
patient0057_0239 0 0.8195832967758179 158 243 211 296
patient0057_0240 0 0.7667930126190186 158 242 204 296
patient0057_0241 0 0.7866557836532593 156 243 214 297
patient0057_0242 0 0.7713364362716675 156 243 214 298
patient0057_0243 0 0.7805184721946716 156 239 211 298
patient0057_0244 0 0.7911323308944702 156 237 211 298
patient0057_0245 0 0.7883079648017883 155 236 212 298
patient0057_0246 0 0.8033850789070129 155 236 214 299
patient0057_0247 0 0.8092288374900818 154 238 216 299
patient0057_0248 0 0.8123475909233093 154 237 214 299
patient0057_0249 0 0.81756591796875 153 238 214 300
patient0057_0250 0 0.8242061734199524 153 239 215 300
patient0057_0251 0 0.8304241895675659 153 239 216 300
patient0057_0252 0 0.8422280550003052 153 240 223 300
patient0057_0253 0 0.7940146327018738 155 241 226 300
patient0057_0254 0 0.7171144485473633 186 243 227 300
patient0057_0255 0 0.7980062365531921 186 243 227 300
patient0057_0256 0 0.8039129972457886 185 242 227 300
patient0057_0257 0 0.800970196723938 185 242 227 300
patient0057_0258 0 0.8081633448600769 184 240 226 300
patient0057_0259 0 0.8084184527397156 183 240 226 300
patient0057_0260 0 0.8131775856018066 182 240 226 301
patient0057_0261 0 0.8216307163238525 183 240 225 300
patient0057_0262 0 0.8211201429367065 184 240 225 300
patient0057_0263 0 0.8048122525215149 186 240 225 299
patient0057_0264 0 0.7988899350166321 186 240 225 299
patient0057_0265 0 0.8079591989517212 184 240 225 300
patient0057_0266 0 0.8049431443214417 183 240 225 300
patient0057_0267 0 0.7878282070159912 183 239 225 300
patient0057_0268 0 0.7406433820724487 184 238 225 300
patient0057_0269 0 0.6149007678031921 185 236 225 299
patient0057_0271 0 0.3671080768108368 208 235 223 259
patient0057_0272 0 0.4015471041202545 208 236 222 258
patient0057_0273 0 0.4377303421497345 207 237 221 257
patient0057_0274 0 0.4897887408733368 207 237 221 256
patient0057_0275 0 0.5009052753448486 207 238 220 256
patient0057_0276 0 0.505115807056427 206 238 220 255
patient0057_0277 0 0.5185352563858032 206 238 219 255
patient0057_0278 0 0.5421034693717957 206 237 217 254
patient0057_0279 0 0.5475609302520752 204 237 216 254
patient0057_0280 0 0.5666317343711853 205 237 216 253
patient0057_0281 0 0.5758596062660217 205 238 216 253
patient0057_0282 0 0.5729187726974487 204 239 215 252
patient0057_0283 0 0.5557653903961182 204 240 213 252
patient0057_0284 0 0.5356563925743103 203 239 212 252
patient0057_0285 0 0.49951979517936707 202 240 211 251
patient0057_0286 0 0.5150094032287598 201 240 211 252
patient0057_0287 0 0.5194332599639893 200 240 210 251
patient0057_0288 0 0.5197626948356628 200 241 210 251
patient0057_0289 0 0.4849729537963867 200 241 209 251
patient0057_0290 0 0.503877580165863 199 242 208 251
patient0058_0001 0 0.27165472507476807 371 486 388 512
patient0058_0004 0 0.31765276193618774 52 253 72 281
patient0058_0062 0 0.44793328642845154 285 71 318 90
patient0058_0063 0 0.49374186992645264 292 72 318 92
patient0058_0069 0 0.2653397023677826 192 405 230 449
patient0058_0070 0 0.5531172752380371 191 402 227 447
patient0058_0071 0 0.6019176244735718 192 400 228 448
patient0058_0072 0 0.4965050518512726 191 401 228 448
patient0058_0074 0 0.505537748336792 190 404 229 446
patient0058_0074 0 0.30547744035720825 243 247 274 271
patient0058_0084 0 0.2864867150783539 222 269 251 289
patient0058_0115 0 0.32511383295059204 102 480 129 512
patient0058_0173 0 0.7291180491447449 207 253 222 277
patient0058_0174 0 0.7851300239562988 206 250 224 279
patient0058_0175 0 0.7911701798439026 206 248 226 281
patient0058_0175 0 0.3445326089859009 206 226 253 282
patient0058_0176 0 0.8149720430374146 206 247 227 282
patient0058_0176 0 0.659074068069458 206 225 253 284
patient0058_0177 0 0.7852892875671387 205 225 259 284
patient0058_0177 0 0.37737953662872314 205 245 228 283
patient0058_0178 0 0.8120386004447937 204 225 261 286
patient0058_0179 0 0.8227202892303467 202 224 262 287
patient0058_0180 0 0.8205760717391968 202 227 264 289
patient0058_0180 0 0.28186675906181335 202 237 233 288
patient0058_0181 0 0.8569318652153015 201 226 266 290
patient0058_0182 0 0.8750619292259216 201 226 266 290
patient0058_0183 0 0.8441454768180847 203 226 267 291
patient0058_0184 0 0.827485203742981 203 229 254 290
patient0058_0185 0 0.8830024600028992 200 227 269 291
patient0058_0186 0 0.9077610373497009 199 226 269 292
patient0058_0187 0 0.9113158583641052 198 226 269 293
patient0058_0188 0 0.8883196115493774 197 226 270 293
patient0058_0189 0 0.8927973508834839 197 226 270 293
patient0058_0190 0 0.8923219442367554 196 225 270 294
patient0058_0191 0 0.7494776248931885 195 225 268 294
patient0058_0192 0 0.7529594898223877 210 225 269 294
patient0058_0193 0 0.8271819949150085 223 225 271 295
patient0058_0194 0 0.8115605711936951 224 226 274 295
patient0058_0195 0 0.8620634078979492 194 225 272 296
patient0058_0196 0 0.8168313503265381 224 226 272 295
patient0058_0197 0 0.8446604013442993 225 226 277 295
patient0058_0198 0 0.8444808125495911 224 226 275 295
patient0058_0199 0 0.7020038366317749 222 225 277 294
patient0058_0199 0 0.3813498020172119 243 226 276 261
patient0058_0200 0 0.6755694150924683 243 226 276 258
patient0058_0201 0 0.528308093547821 242 226 275 257
patient0058_0201 0 0.4611170291900635 221 226 276 296
patient0058_0202 0 0.7606579661369324 242 225 274 254
patient0058_0203 0 0.764716625213623 243 226 273 251
patient0058_0204 0 0.6207583546638489 244 226 273 250
patient0058_0204 0 0.3685743510723114 221 226 274 293
patient0058_0205 0 0.6476794481277466 244 226 274 249
patient0058_0205 0 0.47825106978416443 219 225 276 295
patient0058_0206 0 0.689201831817627 243 225 274 249
patient0058_0206 0 0.25896692276000977 219 225 276 294
patient0058_0207 0 0.6798192262649536 244 225 272 246
patient0058_0208 0 0.6410132050514221 245 224 271 244
patient0058_0209 0 0.6510871648788452 245 224 270 243
patient0058_0210 0 0.5557220578193665 244 225 266 241
patient0058_0211 0 0.5322921872138977 245 227 263 240
patient0058_0212 0 0.5013821125030518 245 229 261 240
patient0058_0213 0 0.4494358003139496 245 228 261 239
patient0058_0214 0 0.5728424787521362 241 228 260 239
patient0058_0215 0 0.6096490025520325 243 227 259 239
patient0058_0216 0 0.5688279867172241 244 227 257 238
patient0058_0217 0 0.5754116177558899 247 227 257 237
patient0058_0218 0 0.5975390672683716 248 225 258 236
patient0058_0219 0 0.4187716841697693 246 224 258 236
patient0058_0220 0 0.44085219502449036 244 224 258 237
patient0058_0221 0 0.3378261923789978 243 223 258 238
patient0059_0008 0 0.28611189126968384 428 199 473 253
patient0059_0009 0 0.28514406085014343 180 45 212 86
patient0059_0011 0 0.3040717542171478 431 201 469 253
patient0059_0013 0 0.30696529150009155 178 364 200 400
patient0059_0015 0 0.3480777442455292 435 216 467 264
patient0059_0026 0 0.4659802317619324 292 327 326 365
patient0059_0027 0 0.6333035230636597 211 84 231 102
patient0059_0028 0 0.3012353479862213 209 84 231 103
patient0059_0030 0 0.5104831457138062 262 287 295 332
patient0059_0044 0 0.263161838054657 301 98 327 116
patient0059_0045 0 0.4661223888397217 301 98 327 116
patient0059_0141 0 0.7506216764450073 215 290 232 314
patient0059_0142 0 0.7625439763069153 214 286 235 315
patient0059_0143 0 0.7734206914901733 210 280 239 318
patient0059_0144 0 0.7699766755104065 209 279 239 320
patient0059_0145 0 0.7895092964172363 208 276 240 320
patient0059_0146 0 0.8213446140289307 203 263 240 322
patient0059_0147 0 0.7968618273735046 201 261 241 322
patient0059_0148 0 0.8126136064529419 199 262 242 321
patient0059_0149 0 0.7955383062362671 196 257 251 323
patient0059_0150 0 0.8414740562438965 194 257 254 323
patient0059_0151 0 0.838119626045227 192 255 256 323
patient0059_0152 0 0.8642681837081909 190 253 257 324
patient0059_0153 0 0.6732613444328308 190 258 260 324
patient0059_0154 0 0.7979971170425415 205 263 261 324
patient0059_0155 0 0.83687824010849 203 263 262 324
patient0059_0156 0 0.7334759831428528 200 263 261 324
patient0059_0157 0 0.7412542104721069 222 264 261 324
patient0059_0158 0 0.773023784160614 218 263 262 324
patient0059_0159 0 0.852144181728363 210 263 261 325
patient0059_0160 0 0.8469448685646057 210 263 262 326
patient0059_0161 0 0.8472400307655334 212 264 262 325
patient0059_0162 0 0.8326248526573181 215 264 261 325
patient0059_0163 0 0.8226356506347656 217 264 260 324
patient0059_0164 0 0.8162266612052917 217 265 259 324
patient0059_0165 0 0.7994509339332581 219 264 259 325
patient0059_0166 0 0.7910033464431763 220 263 260 326
patient0059_0167 0 0.8036452531814575 221 260 260 326
patient0059_0168 0 0.8006463646888733 223 260 260 326
patient0059_0169 0 0.7935469150543213 223 260 260 326
patient0059_0170 0 0.8182623386383057 224 261 259 325
patient0059_0171 0 0.8290992975234985 222 260 259 327
patient0059_0172 0 0.8649357557296753 221 260 259 328
patient0059_0173 0 0.8264946937561035 220 260 259 328
patient0059_0174 0 0.8208885192871094 219 256 262 328
patient0059_0175 0 0.8369948267936707 218 252 265 328
patient0059_0176 0 0.8424544334411621 217 250 266 327
patient0059_0177 0 0.826225996017456 215 248 267 326
patient0059_0178 0 0.7387996912002563 213 250 264 323
patient0059_0179 0 0.43886327743530273 210 249 264 323
patient0059_0179 0 0.29355910420417786 231 248 262 287
patient0059_0180 0 0.6150916814804077 231 248 262 285
patient0059_0181 0 0.709187924861908 232 246 261 284
patient0059_0182 0 0.7653509378433228 231 247 261 282
patient0059_0183 0 0.7711171507835388 230 248 260 281
patient0059_0184 0 0.7869969606399536 231 248 258 278
patient0059_0185 0 0.7681394219398499 231 249 259 277
patient0059_0186 0 0.7806543707847595 234 250 260 277
patient0059_0187 0 0.7100343108177185 235 249 259 273
patient0059_0188 0 0.7055069208145142 234 251 253 270
patient0059_0189 0 0.6472614407539368 234 250 251 269
patient0059_0190 0 0.57649165391922 238 248 250 267
patient0059_0191 0 0.5705351233482361 237 249 249 267
patient0059_0192 0 0.5770941376686096 236 250 248 266
patient0059_0193 0 0.5646958947181702 235 250 246 263
patient0059_0194 0 0.5699740052223206 233 249 244 262
patient0059_0195 0 0.5849946737289429 233 250 245 263
patient0059_0196 0 0.5092614889144897 232 250 244 263
patient0059_0197 0 0.45706215500831604 230 250 239 260
patient0059_0200 0 0.331093430519104 226 248 236 261
patient0059_0201 0 0.43223845958709717 227 251 238 264
patient0059_0202 0 0.5339525938034058 227 251 238 266
patient0059_0203 0 0.5458815097808838 227 252 237 267
patient0059_0205 0 0.3753304183483124 419 90 461 127
patient0059_0253 0 0.31747883558273315 260 482 284 512
patient0060_0029 0 0.37478289008140564 97 475 114 496
patient0060_0030 0 0.2897782027721405 97 475 114 496
patient0060_0085 0 0.2793307900428772 309 477 332 495
patient0060_0213 0 0.31052467226982117 194 283 214 303
patient0060_0214 0 0.6413030624389648 193 282 215 304
patient0060_0215 0 0.7324214577674866 194 282 216 304
patient0060_0216 0 0.7582978010177612 194 280 216 306
patient0060_0217 0 0.7283922433853149 193 280 216 307
patient0060_0218 0 0.7450300455093384 191 279 217 308
patient0060_0219 0 0.7235128879547119 192 278 217 308
patient0060_0220 0 0.7464950084686279 191 276 218 308
patient0060_0221 0 0.7841773629188538 191 275 218 307
patient0060_0222 0 0.7069417834281921 190 258 221 308
patient0060_0223 0 0.7869842052459717 190 257 228 309
patient0060_0224 0 0.8094872832298279 188 255 233 310
patient0060_0225 0 0.749924898147583 188 255 234 311
patient0060_0226 0 0.7678143382072449 188 256 235 311
patient0060_0227 0 0.7772691249847412 185 255 235 312
patient0060_0228 0 0.8016006946563721 184 255 236 311
patient0060_0229 0 0.7978193759918213 183 255 237 311
patient0060_0230 0 0.8126165270805359 182 255 238 311
patient0060_0231 0 0.8119633197784424 180 255 238 313
patient0060_0232 0 0.8170701265335083 181 255 239 312
patient0060_0233 0 0.7917212247848511 180 253 239 311
patient0060_0234 0 0.7904289364814758 180 253 240 312
patient0060_0235 0 0.7412974834442139 178 255 240 312
patient0060_0236 0 0.7969958782196045 179 253 242 312
patient0060_0237 0 0.8537149429321289 177 255 240 312
patient0060_0238 0 0.8476338386535645 178 254 240 312
patient0060_0239 0 0.8645341992378235 177 254 239 313
patient0060_0240 0 0.8462274670600891 178 254 240 313
patient0060_0241 0 0.8119068145751953 192 255 239 313
patient0060_0242 0 0.8234410285949707 194 254 239 312
patient0060_0243 0 0.8259899020195007 197 255 240 312
patient0060_0244 0 0.7617238163948059 200 256 239 313
patient0060_0245 0 0.7508696913719177 204 256 239 313
patient0060_0246 0 0.7414290308952332 208 255 240 313
patient0060_0247 0 0.711719810962677 208 255 245 313
patient0060_0248 0 0.7922263741493225 208 255 249 312
patient0060_0249 0 0.7998301386833191 208 254 250 313
patient0060_0250 0 0.7852630615234375 209 254 250 312
patient0060_0251 0 0.670647919178009 207 255 250 311
patient0060_0252 0 0.4867653250694275 218 254 251 290
patient0060_0253 0 0.3801569640636444 208 253 249 295
patient0060_0254 0 0.5499552488327026 121 295 135 313
patient0060_0254 0 0.46356213092803955 205 252 247 311
patient0060_0255 0 0.6358120441436768 121 294 137 313
patient0060_0261 0 0.3769993484020233 221 251 241 271
patient0060_0263 0 0.4272622764110565 221 251 241 271
patient0061_0009 0 0.2932182550430298 291 217 330 271
patient0061_0011 0 0.44646477699279785 324 279 352 314
patient0061_0059 0 0.5724846720695496 252 82 266 98
patient0061_0059 0 0.27850526571273804 284 71 315 109
patient0061_0064 0 0.3592001497745514 284 70 327 110
patient0061_0120 0 0.31265032291412354 133 58 169 109
patient0061_0149 0 0.613663911819458 189 246 209 269
patient0061_0150 0 0.7379670739173889 187 243 210 271
patient0061_0151 0 0.7760453820228577 186 240 211 272
patient0061_0152 0 0.7767034769058228 186 238 210 274
patient0061_0153 0 0.792457640171051 185 236 209 275
patient0061_0154 0 0.737058699131012 184 233 211 277
patient0061_0155 0 0.7938390970230103 184 232 211 277
patient0061_0156 0 0.7841212153434753 183 231 212 277
patient0061_0157 0 0.7965043187141418 182 227 214 277
patient0061_0158 0 0.7934980988502502 180 226 216 278
patient0061_0159 0 0.7887899875640869 179 226 218 278
patient0061_0160 0 0.8028873801231384 180 224 227 280
patient0061_0161 0 0.8134749531745911 181 222 233 280
patient0061_0162 0 0.8422579765319824 180 221 240 281
patient0061_0163 0 0.8247876763343811 179 218 240 282
patient0061_0164 0 0.8160718083381653 178 218 242 282
patient0061_0165 0 0.8351747393608093 178 215 243 283
patient0061_0166 0 0.8179425597190857 177 214 243 284
patient0061_0167 0 0.8308880925178528 176 209 246 285
patient0061_0168 0 0.8444699645042419 176 209 246 284
patient0061_0169 0 0.854662299156189 176 208 246 285
patient0061_0170 0 0.8511565327644348 175 207 247 285
patient0061_0171 0 0.8529810309410095 175 209 249 285
patient0061_0172 0 0.8625910878181458 174 207 250 286
patient0061_0173 0 0.7964050769805908 174 208 250 287
patient0061_0173 0 0.36223676800727844 199 233 249 286
patient0061_0174 0 0.816157341003418 173 209 251 287
patient0061_0174 0 0.5228453278541565 198 233 250 286
patient0061_0175 0 0.8118301630020142 173 211 250 286
patient0061_0175 0 0.6278979778289795 198 235 249 286
patient0061_0176 0 0.7915503978729248 173 209 251 286
patient0061_0176 0 0.37974512577056885 197 235 251 286
patient0061_0177 0 0.7098022699356079 171 210 252 287
patient0061_0177 0 0.525537371635437 198 235 251 286
patient0061_0178 0 0.7977011799812317 171 212 252 286
patient0061_0179 0 0.7966804504394531 171 212 251 286
patient0061_0180 0 0.6965686082839966 171 213 251 287
patient0061_0181 0 0.3758440315723419 218 234 253 264
patient0061_0182 0 0.584312379360199 220 235 253 263
patient0061_0182 0 0.4645702838897705 196 233 253 289
patient0061_0183 0 0.7107394933700562 195 232 253 289
patient0061_0183 0 0.45055273175239563 222 234 254 262
patient0061_0184 0 0.6819270253181458 193 227 253 290
patient0061_0185 0 0.7670179009437561 192 222 252 290
patient0061_0185 0 0.5143252611160278 235 223 253 259
patient0061_0186 0 0.7293557524681091 193 225 252 289
patient0061_0186 0 0.5281357765197754 233 224 253 259
patient0061_0187 0 0.7539529800415039 192 225 253 289
patient0061_0187 0 0.5590224862098694 231 224 253 259
patient0061_0188 0 0.6782464385032654 226 225 252 257
patient0061_0188 0 0.676615297794342 193 227 254 289
patient0061_0189 0 0.7079387307167053 224 231 252 257
patient0061_0189 0 0.44901910424232483 191 230 254 289
patient0061_0190 0 0.7432049512863159 225 231 252 256
patient0061_0190 0 0.38092106580734253 190 230 254 289
patient0061_0191 0 0.7545933723449707 226 231 252 256
patient0061_0191 0 0.3219948410987854 191 230 253 288
patient0061_0192 0 0.7367634177207947 225 230 252 256
patient0061_0193 0 0.7180699706077576 226 231 252 256
patient0061_0194 0 0.7110635042190552 225 234 250 255
patient0061_0194 0 0.2522682547569275 194 233 252 289
patient0061_0195 0 0.7020120024681091 225 235 248 254
patient0061_0196 0 0.6631282567977905 225 236 245 252
patient0061_0197 0 0.47025904059410095 225 236 244 251
patient0061_0197 0 0.31354764103889465 196 235 244 287
patient0061_0198 0 0.415979266166687 225 238 243 251
patient0062_0011 0 0.27209386229515076 205 236 240 280
patient0062_0013 0 0.5422161817550659 161 374 177 396
patient0062_0013 0 0.37275758385658264 332 280 367 329
patient0062_0014 0 0.45169779658317566 161 373 177 394
patient0062_0018 0 0.4141295552253723 199 240 231 284
patient0062_0025 0 0.3037656843662262 375 369 398 384
patient0062_0064 0 0.3937530517578125 376 209 415 266
patient0062_0148 0 0.4459714889526367 372 175 395 203
patient0062_0169 0 0.2819671332836151 130 110 153 149
patient0062_0170 0 0.5837491750717163 132 112 153 149
patient0062_0171 0 0.5433510541915894 133 113 153 149
patient0062_0172 0 0.40346860885620117 133 114 154 150
patient0062_0187 0 0.5556480884552002 376 170 390 188
patient0062_0188 0 0.42234593629837036 375 170 389 186
patient0062_0207 0 0.7394362092018127 173 266 188 283
patient0062_0208 0 0.7981352806091309 172 264 190 284
patient0062_0209 0 0.7568966746330261 171 261 191 285
patient0062_0210 0 0.782185971736908 169 260 192 287
patient0062_0211 0 0.784066915512085 169 259 193 289
patient0062_0212 0 0.8089999556541443 169 258 194 289
patient0062_0213 0 0.8246386647224426 168 256 195 289
patient0062_0214 0 0.8187717199325562 167 255 196 290
patient0062_0215 0 0.8211090564727783 166 242 209 291
patient0062_0216 0 0.8362597227096558 166 243 210 291
patient0062_0217 0 0.8287619948387146 165 242 211 291
patient0062_0218 0 0.8407198786735535 164 241 212 291
patient0062_0219 0 0.8369888663291931 163 242 212 292
patient0062_0220 0 0.8435311913490295 162 242 213 293
patient0062_0221 0 0.8550437688827515 161 241 213 293
patient0062_0222 0 0.8419548869132996 161 241 213 293
patient0062_0223 0 0.7800277471542358 163 241 213 293
patient0062_0224 0 0.7436560392379761 170 241 213 294
patient0062_0225 0 0.8215615749359131 177 242 213 293
patient0062_0226 0 0.8078629970550537 183 240 212 294
patient0062_0227 0 0.7915970683097839 183 239 213 294
patient0062_0228 0 0.7956931591033936 183 239 213 294
patient0062_0229 0 0.758587658405304 182 239 213 294
patient0062_0230 0 0.7836686372756958 181 238 221 294
patient0062_0231 0 0.8149651288986206 179 239 220 293
patient0062_0232 0 0.7997708916664124 180 239 220 292
patient0062_0233 0 0.8259562253952026 180 238 220 292
patient0062_0234 0 0.8367250561714172 179 238 220 291
patient0062_0234 0 0.26015645265579224 193 238 220 272
patient0062_0235 0 0.8056130409240723 179 240 219 292
patient0062_0235 0 0.3734295666217804 194 238 220 269
patient0062_0236 0 0.7897744178771973 178 238 219 291
patient0062_0236 0 0.415210485458374 193 237 218 267
patient0062_0237 0 0.7089268565177917 178 239 217 291
patient0062_0237 0 0.45455917716026306 193 238 217 263
patient0062_0238 0 0.5544534921646118 194 240 216 262
patient0062_0238 0 0.3878202438354492 176 240 214 291
patient0062_0239 0 0.6664708852767944 194 240 212 259
patient0062_0240 0 0.6466807126998901 194 240 209 255
patient0062_0241 0 0.5935846567153931 194 240 212 256
patient0062_0242 0 0.5526472330093384 194 241 206 254
patient0062_0243 0 0.5706341862678528 194 241 206 253
patient0062_0244 0 0.5694818496704102 194 240 205 251
patient0062_0245 0 0.5522883534431458 193 240 204 251
patient0062_0246 0 0.5651135444641113 193 240 204 250
patient0062_0249 0 0.3085940182209015 177 243 207 289
patient0062_0251 0 0.25222861766815186 177 245 208 288
patient0063_0001 0 0.3474004566669464 95 200 126 219
patient0063_0002 0 0.3404046595096588 97 199 126 220
patient0063_0004 0 0.2713642418384552 101 202 127 227
patient0063_0042 0 0.2636778950691223 144 295 172 307
patient0063_0216 0 0.6761823892593384 216 317 237 342
patient0063_0217 0 0.7808302640914917 216 316 236 341
patient0063_0218 0 0.7829310297966003 216 314 237 342
patient0063_0219 0 0.7839564681053162 215 313 237 343
patient0063_0220 0 0.7721389532089233 215 311 238 345
patient0063_0221 0 0.7755556702613831 215 310 239 346
patient0063_0222 0 0.7776806354522705 216 309 239 346
patient0063_0223 0 0.7911417484283447 216 308 239 347
patient0063_0224 0 0.8032670617103577 216 308 240 347
patient0063_0225 0 0.7961453199386597 216 307 240 349
patient0063_0226 0 0.7870512008666992 216 305 241 350
patient0063_0227 0 0.8020841479301453 215 304 242 350
patient0063_0228 0 0.8103077411651611 214 303 242 351
patient0063_0229 0 0.8109103441238403 213 302 243 352
patient0063_0230 0 0.8152692914009094 214 302 243 352
patient0063_0231 0 0.8134194016456604 214 302 243 353
patient0063_0232 0 0.8099385499954224 215 301 244 353
patient0063_0233 0 0.8010706901550293 215 300 244 353
patient0063_0234 0 0.7858042120933533 215 298 245 354
patient0063_0235 0 0.796617329120636 213 296 245 354
patient0063_0236 0 0.8030208349227905 212 294 256 355
patient0063_0237 0 0.8252630829811096 212 293 257 355
patient0063_0238 0 0.8047987222671509 211 292 266 355
patient0063_0239 0 0.8347152471542358 211 290 268 355
patient0063_0240 0 0.8592617511749268 211 290 269 355
patient0063_0241 0 0.8771538138389587 210 285 269 355
patient0063_0242 0 0.8848189115524292 210 285 269 355
patient0063_0243 0 0.8890341520309448 209 285 270 356
patient0063_0244 0 0.8906446695327759 209 286 272 356
patient0063_0245 0 0.8947914242744446 209 286 272 356
patient0063_0246 0 0.8943638801574707 209 285 273 356
patient0063_0247 0 0.8949912786483765 208 285 274 356
patient0063_0248 0 0.8897632956504822 207 285 274 357
patient0063_0249 0 0.8779309391975403 207 289 275 358
patient0063_0250 0 0.8775995373725891 208 292 275 359
patient0063_0251 0 0.8541831970214844 208 292 276 359
patient0063_0252 0 0.811637818813324 222 299 276 358
patient0063_0253 0 0.8181056976318359 226 299 276 358
patient0063_0254 0 0.8211124539375305 227 300 277 358
patient0063_0255 0 0.8315802216529846 226 301 278 358
patient0063_0256 0 0.8390937447547913 226 301 278 358
patient0063_0257 0 0.8243312835693359 225 301 277 359
patient0063_0258 0 0.7793185114860535 224 301 278 359
patient0063_0258 0 0.43427711725234985 244 301 278 341
patient0063_0259 0 0.7198204398155212 224 301 278 359
patient0063_0259 0 0.5929048657417297 245 302 278 339
patient0063_0260 0 0.6678189039230347 223 302 277 357
patient0063_0260 0 0.6322493553161621 245 302 277 336
patient0063_0261 0 0.6350446939468384 245 302 277 335
patient0063_0261 0 0.6346219182014465 223 302 278 357
patient0063_0262 0 0.6377787590026855 223 302 278 357
patient0063_0262 0 0.608875036239624 245 302 277 335
patient0063_0263 0 0.6198561191558838 222 302 278 357
patient0063_0263 0 0.5489941835403442 246 302 277 334
patient0063_0264 0 0.6166290640830994 248 302 277 333
patient0063_0264 0 0.49787405133247375 222 302 277 357
patient0063_0265 0 0.6807242035865784 249 302 277 332
patient0063_0265 0 0.3103327751159668 222 302 277 356
patient0063_0266 0 0.7527275681495667 249 302 276 330
patient0063_0267 0 0.7893096804618835 249 303 276 329
patient0063_0268 0 0.7886808514595032 249 304 275 327
patient0063_0269 0 0.7749837636947632 249 305 274 326
patient0063_0270 0 0.7629895210266113 249 305 274 326
patient0063_0271 0 0.764499306678772 249 306 274 326
patient0063_0272 0 0.7663518786430359 249 306 274 325
patient0063_0273 0 0.7654910087585449 250 306 274 325
patient0063_0274 0 0.7582917213439941 251 306 274 325
patient0063_0275 0 0.7407392263412476 251 306 273 324
patient0063_0276 0 0.73896723985672 251 307 271 323
patient0063_0277 0 0.7250456213951111 252 308 270 322
patient0063_0278 0 0.6904318928718567 252 309 269 322
patient0063_0279 0 0.6962345242500305 252 309 268 321
patient0063_0280 0 0.6790762543678284 252 309 267 321
patient0063_0281 0 0.6701332926750183 251 309 267 321
patient0063_0282 0 0.6306107044219971 251 308 266 321
patient0063_0283 0 0.6084595322608948 252 310 265 321
patient0063_0284 0 0.45322826504707336 252 310 264 320
patient0063_0285 0 0.48548129200935364 230 308 265 355
patient0063_0286 0 0.44578778743743896 231 307 265 355
patient0064_0038 0 0.2848066985607147 235 252 255 270
patient0064_0063 0 0.35634154081344604 295 358 327 405
patient0064_0170 0 0.2870917022228241 151 299 190 349
patient0064_0171 0 0.5646860599517822 151 299 190 349
patient0064_0231 0 0.702450692653656 200 303 217 324
patient0064_0232 0 0.7600868940353394 199 301 217 325
patient0064_0233 0 0.7753229737281799 199 298 218 326
patient0064_0234 0 0.7789448499679565 199 297 219 327
patient0064_0235 0 0.7855009436607361 199 295 220 329
patient0064_0236 0 0.7824516892433167 198 295 220 330
patient0064_0237 0 0.8024932742118835 196 293 220 331
patient0064_0238 0 0.8152539134025574 195 292 221 331
patient0064_0239 0 0.8249973654747009 193 291 222 332
patient0064_0240 0 0.8118565678596497 192 289 223 332
patient0064_0241 0 0.7633180618286133 190 286 226 334
patient0064_0242 0 0.8103967308998108 190 275 241 334
patient0064_0243 0 0.8272252678871155 189 276 245 335
patient0064_0244 0 0.8356216549873352 189 276 244 335
patient0064_0245 0 0.8451788425445557 189 276 244 335
patient0064_0246 0 0.876641035079956 187 276 245 335
patient0064_0247 0 0.8865602016448975 186 276 246 335
patient0064_0248 0 0.8833484649658203 186 276 247 335
patient0064_0249 0 0.8868232369422913 186 276 248 335
patient0064_0250 0 0.8974587321281433 185 276 248 335
patient0064_0251 0 0.905127227306366 185 276 250 335
patient0064_0252 0 0.9045486450195312 184 277 251 335
patient0064_0253 0 0.8976808786392212 184 277 251 335
patient0064_0254 0 0.8637847304344177 183 277 252 336
patient0064_0255 0 0.8276854157447815 183 277 252 336
patient0064_0256 0 0.7841607332229614 183 277 251 335
patient0064_0257 0 0.34017881751060486 198 278 252 335
patient0064_0258 0 0.3535309433937073 203 279 252 335
patient0064_0259 0 0.4943086802959442 202 279 252 335
patient0064_0260 0 0.7392194271087646 206 280 251 335
patient0064_0261 0 0.7678766250610352 206 279 250 335
patient0064_0262 0 0.7916314601898193 207 279 250 335
patient0064_0263 0 0.7858838438987732 209 279 250 335
patient0064_0264 0 0.8098071813583374 209 280 250 335
patient0064_0265 0 0.8056605458259583 210 279 250 335
patient0064_0266 0 0.7971400618553162 212 278 250 335
patient0064_0267 0 0.7970495820045471 215 278 250 335
patient0064_0268 0 0.8022522926330566 216 278 250 336
patient0064_0269 0 0.8041062951087952 216 278 250 336
patient0064_0270 0 0.8056180477142334 216 278 250 336
patient0064_0271 0 0.8167506456375122 215 276 248 336
patient0064_0272 0 0.8426488637924194 215 276 248 336
patient0064_0273 0 0.820068895816803 214 277 250 336
patient0064_0274 0 0.8283973336219788 214 277 250 336
patient0064_0275 0 0.8311628103256226 214 277 251 336
patient0064_0276 0 0.818034291267395 213 276 252 336
patient0064_0277 0 0.834204912185669 213 275 252 336
patient0064_0278 0 0.8509093523025513 213 275 253 336
patient0064_0279 0 0.8425921201705933 212 274 253 336
patient0064_0280 0 0.8493857979774475 211 274 255 335
patient0064_0281 0 0.8589971661567688 211 274 255 335
patient0064_0282 0 0.8447754979133606 211 275 254 335
patient0064_0283 0 0.7866087555885315 210 275 253 335
patient0064_0284 0 0.7518599033355713 209 276 251 336
patient0064_0284 0 0.3374447524547577 229 276 250 296
patient0064_0285 0 0.7361548542976379 208 276 251 336
patient0064_0285 0 0.29094958305358887 229 276 249 296
patient0064_0286 0 0.5905946493148804 208 274 251 335
patient0064_0286 0 0.44401708245277405 228 274 250 292
patient0064_0287 0 0.6460658311843872 228 273 249 291
patient0064_0288 0 0.6257825493812561 232 273 249 290
patient0064_0289 0 0.5612152814865112 233 273 247 288
patient0064_0290 0 0.5251067280769348 232 271 246 286
patient0064_0291 0 0.540483832359314 232 271 244 285
patient0064_0292 0 0.5650721192359924 232 271 244 285
patient0064_0292 0 0.31080979108810425 204 271 247 333
patient0064_0293 0 0.5511290431022644 231 271 243 284
patient0064_0294 0 0.5084749460220337 231 271 242 283
patient0064_0295 0 0.5416820645332336 230 272 241 282
patient0064_0296 0 0.5671077370643616 229 272 240 282
patient0064_0297 0 0.5689299702644348 229 272 239 282
patient0064_0298 0 0.5773524641990662 228 271 239 281
patient0064_0299 0 0.5599856972694397 227 271 238 281
patient0064_0300 0 0.5072726607322693 225 271 236 280
patient0064_0301 0 0.5127371549606323 224 271 236 280
patient0064_0302 0 0.48692429065704346 225 271 235 280
patient0064_0303 0 0.5224977135658264 223 271 235 280
patient0064_0304 0 0.5032209753990173 223 271 235 280
patient0064_0305 0 0.4947638213634491 223 272 234 280
patient0064_0306 0 0.5140863656997681 223 271 234 281
patient0064_0307 0 0.5002598762512207 222 271 233 281
patient0064_0308 0 0.4131956994533539 221 270 232 281
patient0064_0309 0 0.38547810912132263 221 271 232 281
patient0064_0310 0 0.5571766495704651 221 273 233 284
patient0064_0311 0 0.5553111433982849 221 275 234 285
patient0064_0312 0 0.5858278870582581 222 275 234 285
patient0064_0313 0 0.5757730007171631 222 276 233 286
patient0064_0318 0 0.5131953358650208 201 277 237 322
patient0065_0115 0 0.2755017876625061 129 337 156 370
patient0065_0167 0 0.7315058708190918 199 241 216 262
patient0065_0168 0 0.7737153768539429 198 239 219 263
patient0065_0169 0 0.7484208941459656 198 238 220 263
patient0065_0170 0 0.765824019908905 195 237 219 264
patient0065_0171 0 0.7794634699821472 195 235 221 264
patient0065_0172 0 0.7885487079620361 193 215 235 266
patient0065_0173 0 0.743442177772522 191 215 238 266
patient0065_0174 0 0.8112871050834656 190 213 238 267
patient0065_0175 0 0.8228715658187866 188 212 239 268
patient0065_0176 0 0.8298395872116089 187 212 240 268
patient0065_0177 0 0.8348679542541504 185 211 240 269
patient0065_0178 0 0.8526373505592346 183 210 241 270
patient0065_0179 0 0.8554449081420898 182 209 241 270
patient0065_0180 0 0.8671649098396301 182 210 241 271
patient0065_0181 0 0.8529093861579895 181 210 241 271
patient0065_0182 0 0.7706549167633057 179 210 242 271
patient0065_0183 0 0.5284721255302429 212 209 243 271
patient0065_0184 0 0.7757730484008789 213 210 243 271
patient0065_0185 0 0.7230504155158997 212 209 243 271
patient0065_0186 0 0.5420566201210022 211 209 243 271
patient0065_0187 0 0.40654900670051575 207 209 243 272
patient0065_0188 0 0.7265279293060303 197 209 244 272
patient0065_0189 0 0.7855867743492126 203 209 243 272
patient0065_0190 0 0.7902123928070068 205 211 244 272
patient0065_0191 0 0.7686470150947571 207 211 245 273
patient0065_0192 0 0.7830134630203247 209 210 246 273
patient0065_0193 0 0.822921872138977 210 209 251 273
patient0065_0194 0 0.8025209903717041 210 210 252 273
patient0065_0195 0 0.7668318748474121 210 211 251 273
patient0065_0196 0 0.6785925030708313 210 210 250 272
patient0065_0197 0 0.7405725121498108 210 208 253 272
patient0065_0198 0 0.7253875136375427 209 209 254 273
patient0065_0199 0 0.6898643970489502 207 210 253 272
patient0065_0200 0 0.7003214955329895 207 209 253 272
patient0065_0201 0 0.672235906124115 207 208 248 272
patient0065_0202 0 0.43514424562454224 206 207 247 273
patient0065_0203 0 0.25473541021347046 230 207 248 229
patient0065_0204 0 0.5160033702850342 229 207 248 229
patient0065_0205 0 0.5945572257041931 228 205 248 228
patient0065_0206 0 0.4180392622947693 228 206 246 226
patient0065_0207 0 0.4221768379211426 228 207 244 225
patient0065_0208 0 0.419949471950531 228 207 244 225
patient0065_0208 0 0.27764394879341125 202 207 244 271
patient0065_0209 0 0.41020333766937256 228 207 240 221
patient0065_0210 0 0.5869672894477844 226 207 241 224
patient0065_0211 0 0.6122698187828064 225 207 240 224
patient0065_0212 0 0.623826801776886 225 207 240 224
patient0065_0213 0 0.6259352564811707 224 207 240 223
patient0065_0214 0 0.4722757935523987 223 208 235 221
patient0065_0215 0 0.5493780970573425 223 208 234 221
patient0065_0216 0 0.6181651949882507 222 210 234 221
patient0065_0217 0 0.6240143179893494 222 211 234 221
patient0065_0218 0 0.5676639676094055 220 211 233 221
patient0065_0219 0 0.5432513952255249 219 211 232 221
patient0065_0220 0 0.32446151971817017 219 211 231 221
patient0065_0223 0 0.3663193881511688 217 213 229 223
patient0065_0224 0 0.4119069576263428 217 214 228 224
patient0066_0016 0 0.43161270022392273 315 214 343 247
patient0066_0017 0 0.47970572113990784 313 214 342 246
patient0066_0018 0 0.3659847378730774 312 213 342 248
patient0066_0143 0 0.4473772943019867 180 226 202 239
patient0066_0144 0 0.31150805950164795 181 226 203 238
patient0066_0145 0 0.269561767578125 177 226 203 238
patient0066_0146 0 0.3838109076023102 174 225 203 238
patient0066_0159 0 0.5683002471923828 187 227 204 245
patient0066_0160 0 0.7483208775520325 187 225 204 246
patient0066_0161 0 0.7470033168792725 187 224 204 247
patient0066_0162 0 0.7687899470329285 186 223 206 249
patient0066_0163 0 0.7817157506942749 186 221 206 249
patient0066_0164 0 0.7906575798988342 185 220 207 250
patient0066_0165 0 0.7836463451385498 184 219 207 250
patient0066_0166 0 0.8078482151031494 183 219 208 251
patient0066_0167 0 0.8310813903808594 181 215 208 252
patient0066_0168 0 0.8225889205932617 180 214 209 252
patient0066_0169 0 0.8158314824104309 179 214 208 253
patient0066_0170 0 0.8130287528038025 178 213 209 253
patient0066_0171 0 0.8064983487129211 177 211 210 254
patient0066_0172 0 0.7617954611778259 176 199 217 255
patient0066_0173 0 0.8400546312332153 175 197 223 255
patient0066_0174 0 0.8511885404586792 173 197 227 256
patient0066_0175 0 0.880084753036499 171 196 228 257
patient0066_0176 0 0.8767194747924805 171 196 227 258
patient0066_0177 0 0.8641031384468079 169 196 228 258
patient0066_0178 0 0.8431705236434937 168 196 229 258
patient0066_0179 0 0.8519738912582397 167 197 230 258
patient0066_0180 0 0.8732846975326538 166 195 232 259
patient0066_0181 0 0.8749319911003113 165 193 233 259
patient0066_0182 0 0.8648847341537476 165 194 234 259
patient0066_0183 0 0.8646886944770813 165 194 233 259
patient0066_0184 0 0.8681186437606812 165 194 233 259
patient0066_0185 0 0.879382848739624 164 195 232 260
patient0066_0186 0 0.8786279559135437 163 195 232 260
patient0066_0187 0 0.8881701231002808 162 194 234 260
patient0066_0188 0 0.8880714774131775 162 193 234 261
patient0066_0189 0 0.8693900108337402 163 194 235 261
patient0066_0190 0 0.7574010491371155 168 195 236 261
patient0066_0191 0 0.7840058207511902 197 194 244 260
patient0066_0192 0 0.8216549158096313 198 195 244 260
patient0066_0193 0 0.8269186615943909 198 195 245 262
patient0066_0194 0 0.8243104815483093 197 195 247 261
patient0066_0195 0 0.8047491908073425 196 195 245 262
patient0066_0196 0 0.7821497917175293 196 196 246 262
patient0066_0197 0 0.7671085596084595 196 195 247 263
patient0066_0198 0 0.7875186800956726 195 194 247 263
patient0066_0199 0 0.7476035356521606 194 195 247 263
patient0066_0200 0 0.6423327922821045 192 195 245 263
patient0066_0201 0 0.5746959447860718 218 194 244 226
patient0066_0201 0 0.3667890429496765 191 194 243 263
patient0066_0202 0 0.6667911410331726 220 193 244 228
patient0066_0202 0 0.3234784007072449 189 194 245 263
patient0066_0203 0 0.5254411101341248 220 190 244 225
patient0066_0204 0 0.5690410733222961 211 192 242 223
patient0066_0205 0 0.5921906232833862 214 191 241 221
patient0066_0206 0 0.6470188498497009 216 190 240 219
patient0066_0206 0 0.35255762934684753 187 192 241 261
patient0066_0207 0 0.668897807598114 214 191 240 218
patient0066_0207 0 0.28132498264312744 186 192 241 261
patient0066_0208 0 0.719872772693634 216 192 239 217
patient0066_0209 0 0.6616968512535095 218 193 239 217
patient0066_0210 0 0.685359537601471 218 192 238 215
patient0066_0211 0 0.6662474274635315 218 192 237 214
patient0066_0212 0 0.6350235342979431 219 193 235 212
patient0066_0213 0 0.6558265686035156 217 194 234 212
patient0066_0214 0 0.6246535778045654 217 194 233 211
patient0066_0215 0 0.5854979157447815 218 195 232 210
patient0066_0216 0 0.5918108224868774 218 195 232 210
patient0066_0217 0 0.5547425150871277 217 195 230 209
patient0066_0218 0 0.5970697402954102 215 195 228 209
patient0066_0219 0 0.5873959064483643 214 196 228 208
patient0066_0220 0 0.5997081398963928 213 195 228 208
patient0066_0221 0 0.6265313029289246 214 196 227 207
patient0066_0222 0 0.6083959341049194 214 197 226 207
patient0067_0002 0 0.26690274477005005 254 269 275 288
patient0067_0007 0 0.2542988359928131 230 251 269 296
patient0067_0017 0 0.30841904878616333 270 437 307 482
patient0067_0018 0 0.6145783066749573 271 439 305 477
patient0067_0019 0 0.5919752717018127 269 440 303 476
patient0067_0020 0 0.2744311988353729 270 435 306 483
patient0067_0021 0 0.5803506970405579 271 436 307 483
patient0067_0041 0 0.29729896783828735 177 423 211 460
patient0067_0116 0 0.5680861473083496 54 164 82 198
patient0067_0117 0 0.5820141434669495 54 165 82 199
patient0067_0118 0 0.5105205774307251 54 170 81 201
patient0067_0168 0 0.3218155801296234 190 302 204 319
patient0067_0171 0 0.2555484473705292 193 310 216 322
patient0067_0172 0 0.7287042140960693 191 307 209 324
patient0067_0173 0 0.7747055888175964 188 303 211 325
patient0067_0174 0 0.7919480204582214 184 298 211 326
patient0067_0175 0 0.796419620513916 184 297 212 327
patient0067_0176 0 0.8334828615188599 184 295 216 327
patient0067_0177 0 0.8230468034744263 182 294 216 328
patient0067_0178 0 0.7913097143173218 181 292 217 328
patient0067_0179 0 0.8285766839981079 180 274 226 329
patient0067_0180 0 0.8332034945487976 179 274 228 330
patient0067_0181 0 0.8298060297966003 178 273 229 330
patient0067_0182 0 0.8467233180999756 177 273 232 331
patient0067_0183 0 0.8593530058860779 176 272 234 331
patient0067_0184 0 0.8736816644668579 173 272 234 330
patient0067_0185 0 0.8773753046989441 172 273 235 330
patient0067_0186 0 0.8759429454803467 170 272 237 331
patient0067_0187 0 0.8739842176437378 170 272 237 331
patient0067_0188 0 0.8679900169372559 169 272 239 331
patient0067_0189 0 0.8777880668640137 168 272 240 332
patient0067_0190 0 0.8526191711425781 168 274 239 332
patient0067_0191 0 0.8392865657806396 169 274 239 331
patient0067_0192 0 0.7775294184684753 175 273 240 332
patient0067_0193 0 0.6940081119537354 192 273 240 332
patient0067_0194 0 0.7177239060401917 205 273 239 333
patient0067_0195 0 0.8136656284332275 192 273 240 334
patient0067_0196 0 0.7948652505874634 205 273 239 334
patient0067_0197 0 0.7994759678840637 204 273 240 335
patient0067_0198 0 0.792229413986206 202 272 238 335
patient0067_0199 0 0.7775947451591492 201 272 239 335
patient0067_0200 0 0.7896106243133545 204 273 244 334
patient0067_0201 0 0.8172981142997742 203 273 245 334
patient0067_0202 0 0.7875074148178101 203 272 246 334
patient0067_0203 0 0.803602933883667 201 271 247 335
patient0067_0204 0 0.8129221796989441 202 271 243 335
patient0067_0205 0 0.7823982238769531 201 270 242 335
patient0067_0206 0 0.7455036044120789 200 270 239 334
patient0067_0207 0 0.7412242293357849 199 270 239 335
patient0067_0208 0 0.7342602014541626 196 268 240 335
patient0067_0209 0 0.6345400214195251 197 270 239 335
patient0067_0210 0 0.4528261125087738 221 265 239 286
patient0067_0211 0 0.48059582710266113 221 265 236 285
patient0067_0212 0 0.4268791079521179 221 266 236 284
patient0067_0212 0 0.2895871698856354 192 267 237 334
patient0067_0213 0 0.45110073685646057 219 267 236 285
patient0067_0214 0 0.4720859229564667 208 270 234 287
patient0067_0215 0 0.42322731018066406 213 268 234 284
patient0067_0216 0 0.5512356758117676 210 269 233 285
patient0067_0217 0 0.6247716546058655 212 269 231 283
patient0067_0218 0 0.5568032264709473 214 269 229 282
patient0067_0219 0 0.5155322551727295 213 270 229 282
patient0067_0220 0 0.5376852750778198 213 271 227 281
patient0067_0221 0 0.5227689743041992 213 271 225 281
patient0067_0222 0 0.4595455527305603 209 272 221 281
patient0067_0223 0 0.5075918436050415 209 272 220 281
patient0068_0063 0 0.3130389153957367 234 71 255 92
patient0068_0164 0 0.6700190305709839 170 261 190 286
patient0068_0165 0 0.7609578371047974 168 261 192 288
patient0068_0166 0 0.7757740616798401 167 261 193 289
patient0068_0167 0 0.784505307674408 166 260 194 290
patient0068_0168 0 0.8096329569816589 165 258 194 290
patient0068_0169 0 0.8188834190368652 165 257 195 290
patient0068_0170 0 0.817040741443634 164 256 196 290
patient0068_0171 0 0.818274974822998 162 255 196 290
patient0068_0172 0 0.8124949336051941 161 232 203 291
patient0068_0173 0 0.8283440470695496 159 228 209 292
patient0068_0174 0 0.8298234343528748 158 236 211 292
patient0068_0175 0 0.7910457849502563 157 234 212 292
patient0068_0176 0 0.784857988357544 156 234 212 293
patient0068_0177 0 0.7771722078323364 156 233 213 293
patient0068_0178 0 0.7875241041183472 155 233 214 293
patient0068_0179 0 0.7905948758125305 154 233 214 292
patient0068_0180 0 0.7766264081001282 154 233 215 293
patient0068_0181 0 0.803449273109436 153 233 215 293
patient0068_0182 0 0.8164509534835815 152 233 215 293
patient0068_0183 0 0.8228081464767456 153 234 215 293
patient0068_0184 0 0.824374794960022 153 234 215 293
patient0068_0185 0 0.800175130367279 154 234 215 294
patient0068_0186 0 0.8059903383255005 169 234 214 294
patient0068_0187 0 0.793006420135498 174 234 215 295
patient0068_0188 0 0.7969648241996765 177 233 216 295
patient0068_0189 0 0.8065522313117981 186 234 220 295
patient0068_0190 0 0.8137251734733582 186 234 224 294
patient0068_0191 0 0.8024512529373169 186 234 224 294
patient0068_0192 0 0.8212396502494812 186 232 224 293
patient0068_0193 0 0.8396683931350708 186 232 223 294
patient0068_0194 0 0.8285943269729614 185 231 223 292
patient0068_0195 0 0.8313623070716858 184 230 222 291
patient0068_0196 0 0.8414603471755981 183 230 221 292
patient0068_0197 0 0.8224700689315796 181 231 221 292
patient0068_0198 0 0.8040012121200562 180 231 221 292
patient0068_0199 0 0.7853242754936218 179 230 220 292
patient0068_0199 0 0.36853140592575073 191 229 220 257
patient0068_0200 0 0.7685449123382568 179 231 220 292
patient0068_0200 0 0.48243361711502075 191 230 219 255
patient0068_0201 0 0.6632891297340393 178 230 219 292
patient0068_0201 0 0.60345858335495 191 230 218 253
patient0068_0202 0 0.7074767351150513 192 231 216 251
patient0068_0203 0 0.7029561996459961 193 232 216 250
patient0068_0204 0 0.6024613380432129 192 233 212 248
patient0068_0205 0 0.5343325138092041 192 233 205 247
patient0068_0206 0 0.5020952224731445 193 233 204 246
patient0068_0207 0 0.4789367616176605 193 233 204 246
patient0068_0208 0 0.4895244240760803 193 233 204 244
patient0068_0209 0 0.517328679561615 193 233 204 244
patient0068_0210 0 0.5355690717697144 193 233 204 244
patient0068_0211 0 0.5039848685264587 192 234 203 244
patient0068_0212 0 0.3257197141647339 191 234 201 244
patient0069_0018 0 0.2882373631000519 435 413 458 449
patient0069_0024 0 0.6484085321426392 322 457 354 495
patient0069_0024 0 0.28381550312042236 153 336 180 374
patient0069_0028 0 0.6002219915390015 170 370 186 390
patient0069_0029 0 0.7478600740432739 170 369 186 389
patient0069_0030 0 0.3905416429042816 168 368 185 389
patient0069_0057 0 0.2711813747882843 173 32 198 59
patient0069_0081 0 0.6582403182983398 183 373 202 404
patient0069_0082 0 0.323991060256958 180 373 201 404
patient0069_0086 0 0.3021174371242523 177 370 212 417
patient0069_0091 0 0.2885324954986572 375 140 435 213
patient0069_0104 0 0.3563423454761505 86 84 105 111
patient0069_0105 0 0.410643607378006 85 79 111 113
patient0069_0111 0 0.2584843337535858 162 477 184 500
patient0069_0167 0 0.33773061633110046 215 252 231 269
patient0069_0169 0 0.4244215488433838 217 251 231 269
patient0069_0170 0 0.27139705419540405 214 237 230 270
patient0069_0172 0 0.5794131755828857 211 229 229 257
patient0069_0173 0 0.6903279423713684 212 224 236 256
patient0069_0174 0 0.42970094084739685 213 222 230 260
patient0069_0175 0 0.7647556066513062 213 220 232 265
patient0069_0176 0 0.7645761370658875 212 217 233 265
patient0069_0176 0 0.6721269488334656 210 200 263 265
patient0069_0177 0 0.7708768844604492 212 217 233 265
patient0069_0177 0 0.7565529942512512 210 200 264 266
patient0069_0178 0 0.7840732336044312 212 203 264 267
patient0069_0178 0 0.4344690144062042 213 217 235 266
patient0069_0179 0 0.7966873049736023 212 203 267 268
patient0069_0180 0 0.8126922845840454 210 202 267 269
patient0069_0181 0 0.8470464944839478 209 201 268 270
patient0069_0182 0 0.8604370951652527 209 200 269 271
patient0069_0183 0 0.8525616526603699 209 200 272 271
patient0069_0184 0 0.8588912487030029 209 200 272 272
patient0069_0185 0 0.8557062149047852 207 200 273 271
patient0069_0186 0 0.8466588854789734 207 200 274 271
patient0069_0187 0 0.8528071641921997 208 200 275 272
patient0069_0188 0 0.8334642648696899 207 199 276 272
patient0069_0189 0 0.8113417625427246 206 197 275 272
patient0069_0190 0 0.8368461728096008 205 197 276 272
patient0069_0191 0 0.8163388967514038 207 197 275 272
patient0069_0192 0 0.7760614156723022 221 211 275 272
patient0069_0193 0 0.7975017428398132 222 213 275 271
patient0069_0194 0 0.7852157950401306 224 215 275 271
patient0069_0195 0 0.7956820130348206 225 213 276 271
patient0069_0196 0 0.8066060543060303 229 213 277 271
patient0069_0197 0 0.807181715965271 229 213 277 271
patient0069_0198 0 0.802012026309967 231 212 277 271
patient0069_0199 0 0.8146681785583496 231 211 278 271
patient0069_0200 0 0.819092333316803 230 210 279 272
patient0069_0201 0 0.8174896836280823 229 208 279 272
patient0069_0202 0 0.8136277794837952 231 208 280 271
patient0069_0203 0 0.7932738065719604 231 209 281 271
patient0069_0204 0 0.8104513883590698 231 208 281 271
patient0069_0205 0 0.8193761706352234 232 206 281 271
patient0069_0206 0 0.8190920352935791 231 205 280 271
patient0069_0206 0 0.304667204618454 264 207 280 232
patient0069_0207 0 0.8379449844360352 231 205 280 271
patient0069_0208 0 0.8335668444633484 231 204 280 271
patient0069_0209 0 0.8338254690170288 226 203 282 272
patient0069_0209 0 0.3142112195491791 255 203 281 228
patient0069_0210 0 0.8157587051391602 227 201 282 271
patient0069_0211 0 0.8175198435783386 228 203 282 271
patient0069_0211 0 0.2966001331806183 257 203 282 224
patient0069_0212 0 0.7968339920043945 227 203 278 270
patient0069_0212 0 0.5027703642845154 261 204 279 223
patient0069_0213 0 0.7738956212997437 227 203 278 269
patient0069_0213 0 0.5280928015708923 261 205 277 220
patient0069_0214 0 0.7669916152954102 225 202 278 269
patient0069_0214 0 0.6368594169616699 264 204 276 218
patient0069_0215 0 0.764953076839447 227 201 277 268
patient0069_0215 0 0.5610011219978333 264 201 276 217
patient0069_0216 0 0.672736644744873 226 201 277 267
patient0069_0216 0 0.6089581251144409 264 200 275 216
patient0069_0217 0 0.5852940082550049 264 199 274 215
patient0069_0217 0 0.4164508283138275 225 201 276 267
patient0069_0218 0 0.6007365584373474 262 199 273 215
patient0069_0219 0 0.6402168273925781 261 199 273 215
patient0069_0220 0 0.6364894509315491 260 198 271 214
patient0069_0230 0 0.3031240701675415 255 205 265 217
patient0070_0018 0 0.32365474104881287 359 447 378 468
patient0070_0019 0 0.5007684230804443 358 447 377 468
patient0070_0022 0 0.3067129850387573 355 447 372 467
patient0070_0158 0 0.5849233269691467 288 178 321 207
patient0070_0159 0 0.5957694053649902 287 177 321 207
patient0070_0160 0 0.2751985788345337 287 177 319 206
patient0070_0185 0 0.5277926325798035 274 166 297 198
patient0070_0186 0 0.44699111580848694 273 165 301 199
patient0070_0187 0 0.37894579768180847 272 165 298 198
patient0070_0188 0 0.4157955050468445 271 166 295 197
patient0070_0189 0 0.29066193103790283 271 166 293 198
patient0070_0190 0 0.3519887924194336 270 166 290 198
patient0070_0191 0 0.4276354908943176 269 166 290 198
patient0070_0219 0 0.5866643786430359 250 305 274 332
patient0070_0220 0 0.7165344953536987 251 303 273 327
patient0070_0221 0 0.7479562759399414 250 302 273 328
patient0070_0222 0 0.7400776743888855 248 300 274 330
patient0070_0223 0 0.7599189281463623 248 298 274 331
patient0070_0224 0 0.7798190712928772 245 295 275 332
patient0070_0225 0 0.798436164855957 244 294 275 333
patient0070_0226 0 0.786488950252533 242 284 275 335
patient0070_0227 0 0.7911118268966675 241 283 274 335
patient0070_0228 0 0.7571489810943604 239 281 276 335
patient0070_0229 0 0.6982322335243225 238 281 277 335
patient0070_0230 0 0.7686982750892639 236 280 278 336
patient0070_0231 0 0.7960302829742432 235 280 280 336
patient0070_0232 0 0.7954902648925781 234 279 281 336
patient0070_0233 0 0.8007630705833435 234 278 284 337
patient0070_0234 0 0.8054128885269165 233 280 285 337
patient0070_0235 0 0.7936259508132935 231 280 286 337
patient0070_0236 0 0.7405641078948975 233 280 286 337
patient0070_0237 0 0.5843902230262756 247 279 287 336
patient0070_0238 0 0.5838325619697571 258 278 289 337
patient0070_0239 0 0.5379733443260193 257 280 289 336
patient0070_0240 0 0.7342931628227234 245 281 289 335
patient0070_0241 0 0.7691307067871094 245 282 289 335
patient0070_0242 0 0.6513797640800476 253 281 291 336
patient0070_0243 0 0.7012050151824951 257 282 290 336
patient0070_0244 0 0.6902916431427002 253 282 290 336
patient0070_0245 0 0.7357715964317322 251 281 289 335
patient0070_0246 0 0.792461097240448 252 281 289 335
patient0070_0247 0 0.7990042567253113 254 280 289 335
patient0070_0248 0 0.7613373398780823 255 278 290 335
patient0070_0249 0 0.7581173777580261 256 278 290 335
patient0070_0250 0 0.7169313430786133 257 278 289 335
patient0070_0251 0 0.7831478118896484 259 278 289 335
patient0070_0252 0 0.7857338786125183 260 279 289 335
patient0070_0253 0 0.7849698066711426 260 279 289 334
patient0070_0254 0 0.7932630181312561 260 279 289 334
patient0070_0255 0 0.8013197779655457 260 280 289 334
patient0070_0256 0 0.7915710210800171 261 279 289 334
patient0070_0257 0 0.8153773546218872 261 279 288 333
patient0070_0258 0 0.7907020449638367 261 277 288 333
patient0070_0259 0 0.7808177471160889 261 276 289 332
patient0070_0260 0 0.7887061834335327 259 275 290 332
patient0070_0261 0 0.7813628911972046 259 275 289 332
patient0070_0262 0 0.7979490160942078 259 275 288 332
patient0070_0263 0 0.7850710153579712 257 274 295 331
patient0070_0264 0 0.7913132905960083 259 274 298 332
patient0070_0265 0 0.7950676679611206 258 273 298 331
patient0070_0266 0 0.7848659753799438 256 273 291 330
patient0070_0267 0 0.7589383721351624 256 273 286 330
patient0070_0268 0 0.7475815415382385 256 274 289 330
patient0070_0268 0 0.3268023431301117 273 273 287 290
patient0070_0269 0 0.6509707570075989 255 273 288 329
patient0070_0269 0 0.4460775554180145 272 273 286 289
patient0070_0270 0 0.5027511119842529 272 272 283 284
patient0070_0270 0 0.4853276014328003 254 273 286 329
patient0070_0271 0 0.49819087982177734 269 272 282 284
patient0070_0271 0 0.34416496753692627 253 273 284 328
patient0070_0272 0 0.5509315729141235 253 274 283 328
patient0070_0272 0 0.5449562668800354 269 272 282 284
patient0070_0273 0 0.5695477724075317 268 272 281 283
patient0070_0273 0 0.3263612687587738 251 273 282 328
patient0070_0274 0 0.5753698945045471 268 272 280 282
patient0070_0275 0 0.5269116759300232 268 272 279 281
patient0070_0276 0 0.45450854301452637 267 271 277 280
patient0070_0277 0 0.4711681604385376 266 270 277 279
patient0070_0278 0 0.4714461863040924 263 270 275 279
patient0070_0279 0 0.38473647832870483 261 269 274 279
patient0070_0280 0 0.44307368993759155 260 269 274 279
patient0070_0281 0 0.47963035106658936 259 269 273 279
patient0070_0282 0 0.3948606550693512 259 269 272 279
patient0070_0283 0 0.5071616172790527 259 269 272 279
patient0070_0284 0 0.48891010880470276 260 270 273 280
patient0070_0285 0 0.5025148391723633 260 271 274 281
patient0070_0286 0 0.4775726795196533 259 270 273 282
patient0070_0287 0 0.46655747294425964 259 272 274 283
patient0070_0288 0 0.37877634167671204 247 273 276 321
patient0070_0289 0 0.3292366862297058 246 274 275 320
patient0070_0290 0 0.5072312355041504 246 275 272 319
patient0070_0291 0 0.5020723342895508 246 276 272 319
patient0070_0292 0 0.32178667187690735 247 277 272 318
patient0071_0197 0 0.7687442302703857 182 260 200 284
patient0071_0198 0 0.7739346623420715 182 258 202 287
patient0071_0199 0 0.7799915671348572 182 257 203 288
patient0071_0200 0 0.8029465079307556 182 254 204 290
patient0071_0201 0 0.814884603023529 182 253 205 292
patient0071_0202 0 0.8081116080284119 181 252 205 293
patient0071_0203 0 0.8046053647994995 181 250 207 293
patient0071_0204 0 0.8174288272857666 181 249 207 293
patient0071_0205 0 0.7844499945640564 182 241 229 294
patient0071_0205 0 0.6229744553565979 182 249 207 293
patient0071_0206 0 0.8238551020622253 181 237 227 295
patient0071_0207 0 0.813965916633606 181 235 228 296
patient0071_0208 0 0.8218782544136047 181 235 231 296
patient0071_0209 0 0.8289182782173157 181 235 233 297
patient0071_0210 0 0.8364650011062622 180 236 233 297
patient0071_0211 0 0.844992458820343 180 235 233 297
patient0071_0212 0 0.8530302047729492 180 237 236 297
patient0071_0213 0 0.8547573089599609 179 237 237 298
patient0071_0214 0 0.8596816658973694 179 237 237 298
patient0071_0215 0 0.8489323854446411 179 237 237 299
patient0071_0216 0 0.8545932769775391 178 236 237 299
patient0071_0217 0 0.8600181937217712 178 236 238 299
patient0071_0218 0 0.8648468255996704 178 235 239 300
patient0071_0219 0 0.864324152469635 177 235 240 300
patient0071_0220 0 0.8155642151832581 179 239 241 301
patient0071_0221 0 0.7828930020332336 194 247 243 301
patient0071_0222 0 0.798019289970398 197 248 242 301
patient0071_0223 0 0.8257168531417847 197 247 242 301
patient0071_0224 0 0.8213706016540527 197 247 242 302
patient0071_0225 0 0.8212273120880127 197 246 243 301
patient0071_0226 0 0.8210345506668091 196 246 243 301
patient0071_0227 0 0.8371281027793884 196 246 243 301
patient0071_0228 0 0.8385500311851501 195 246 243 300
patient0071_0229 0 0.8272295594215393 196 245 243 298
patient0071_0230 0 0.8162806630134583 195 244 244 298
patient0071_0231 0 0.7515314817428589 195 244 244 298
patient0071_0231 0 0.37330737709999084 216 245 245 265
patient0071_0232 0 0.6601965427398682 221 246 245 264
patient0071_0232 0 0.4972584545612335 195 245 244 298
patient0071_0233 0 0.6833292841911316 221 245 244 263
patient0071_0233 0 0.4613747000694275 193 244 244 298
patient0071_0234 0 0.6806560158729553 221 245 243 263
patient0071_0234 0 0.32880699634552 193 244 244 297
patient0071_0235 0 0.6880579590797424 223 246 242 262
patient0071_0235 0 0.2893046438694 192 245 242 298
patient0071_0236 0 0.6586697101593018 225 247 240 261
patient0071_0237 0 0.6559944748878479 224 247 240 260
patient0071_0238 0 0.6382229328155518 224 247 239 259
patient0071_0239 0 0.5991283655166626 225 246 238 258
patient0071_0240 0 0.5912757515907288 226 245 238 257
patient0071_0241 0 0.5930238962173462 226 244 238 257
patient0071_0242 0 0.5831597447395325 226 244 236 256
patient0071_0243 0 0.6333951950073242 226 243 236 256
patient0071_0244 0 0.6073047518730164 225 243 235 257
patient0071_0245 0 0.4174134135246277 225 245 235 258
patient0072_0015 0 0.573068380355835 191 236 213 263
patient0072_0028 0 0.34315982460975647 127 493 145 512
patient0072_0029 0 0.428415983915329 127 493 145 512
patient0072_0030 0 0.2915734648704529 126 493 144 512
patient0072_0046 0 0.3120046854019165 130 475 163 512
patient0072_0048 0 0.2724287807941437 455 299 474 326
patient0072_0055 0 0.35088300704956055 64 260 90 295
patient0072_0097 0 0.3653513193130493 230 299 253 336
patient0072_0098 0 0.4164802134037018 227 299 253 346
patient0072_0109 0 0.2590026259422302 214 302 242 345
patient0072_0111 0 0.32989993691444397 217 307 249 357
patient0072_0112 0 0.4475551247596741 216 308 250 357
patient0072_0113 0 0.557709813117981 216 312 250 357
patient0072_0114 0 0.5318813920021057 216 313 247 356
patient0072_0115 0 0.5446770191192627 216 312 247 359
patient0072_0115 0 0.41202014684677124 64 134 80 148
patient0072_0116 0 0.5277315378189087 215 313 243 358
patient0072_0119 0 0.25344133377075195 214 329 246 358
patient0072_0151 0 0.7727941870689392 228 302 293 380
patient0072_0152 0 0.7582117915153503 228 302 293 381
patient0072_0153 0 0.7676040530204773 228 302 292 380
patient0072_0154 0 0.7988621592521667 228 302 292 379
patient0072_0155 0 0.7109231352806091 228 302 293 380
patient0072_0156 0 0.2994667887687683 228 301 306 382
patient0072_0157 0 0.5542916059494019 227 299 298 381
patient0072_0158 0 0.8023971319198608 227 298 299 382
patient0072_0159 0 0.6836454272270203 227 297 308 381
patient0072_0160 0 0.5265151858329773 227 297 321 382
patient0072_0161 0 0.5720933675765991 227 298 311 383
patient0072_0162 0 0.49984556436538696 227 296 324 384
patient0072_0174 0 0.3293009400367737 219 270 234 297
patient0072_0175 0 0.5249170064926147 218 271 235 297
patient0072_0176 0 0.7153715491294861 218 270 237 299
patient0072_0177 0 0.7808775305747986 217 268 239 301
patient0072_0178 0 0.8192968964576721 215 250 262 303
patient0072_0178 0 0.26687371730804443 216 266 239 301
patient0072_0179 0 0.8179188966751099 213 248 265 306
patient0072_0180 0 0.8304384350776672 214 248 265 306
patient0072_0181 0 0.8361457586288452 211 248 267 307
patient0072_0182 0 0.8352931141853333 211 248 269 307
patient0072_0183 0 0.8304462432861328 211 247 269 308
patient0072_0184 0 0.8464558124542236 210 247 270 309
patient0072_0185 0 0.8378432393074036 210 248 271 310
patient0072_0186 0 0.8520610332489014 209 249 272 310
patient0072_0187 0 0.8725942373275757 208 250 272 310
patient0072_0188 0 0.858676016330719 207 249 272 310
patient0072_0189 0 0.8362191915512085 205 248 273 311
patient0072_0190 0 0.8429495096206665 205 249 273 311
patient0072_0191 0 0.8600660562515259 204 248 273 311
patient0072_0192 0 0.864881157875061 204 249 274 311
patient0072_0193 0 0.851150631904602 202 249 274 313
patient0072_0194 0 0.8644278049468994 202 248 274 312
patient0072_0195 0 0.8812810778617859 201 248 274 312
patient0072_0196 0 0.7781726121902466 231 250 274 312
patient0072_0197 0 0.8123727440834045 230 252 275 313
patient0072_0198 0 0.8297249674797058 229 252 276 313
patient0072_0199 0 0.8234157562255859 231 252 275 313
patient0072_0200 0 0.8212507963180542 231 252 276 313
patient0072_0201 0 0.8333163857460022 230 252 277 313
patient0072_0202 0 0.8322826027870178 229 252 278 313
patient0072_0203 0 0.8268746137619019 231 250 279 312
patient0072_0204 0 0.8370218873023987 231 249 281 311
patient0072_0205 0 0.7281372547149658 230 248 281 312
patient0072_0206 0 0.7566131949424744 228 248 278 312
patient0072_0207 0 0.7740005850791931 228 248 277 311
patient0072_0207 0 0.4520910978317261 259 247 277 277
patient0072_0208 0 0.5794305205345154 229 248 277 310
patient0072_0208 0 0.4640788733959198 257 247 277 276
patient0072_0209 0 0.5876965522766113 254 247 278 275
patient0072_0209 0 0.3610188364982605 168 407 225 483
patient0072_0210 0 0.6846953630447388 251 248 277 275
patient0072_0211 0 0.6721522808074951 249 247 276 274
patient0072_0212 0 0.6222699284553528 249 247 276 274
patient0072_0212 0 0.38326510787010193 226 248 276 308
patient0072_0213 0 0.6414969563484192 255 247 276 274
patient0072_0213 0 0.5560196042060852 225 247 275 308
patient0072_0214 0 0.7080556750297546 252 246 275 274
patient0072_0214 0 0.4651981294155121 224 247 274 308
patient0072_0215 0 0.7156264781951904 251 246 275 273
patient0072_0216 0 0.6786231994628906 251 247 276 271
patient0072_0217 0 0.6364498138427734 253 248 265 262
patient0072_0218 0 0.6455390453338623 252 247 264 262
patient0072_0219 0 0.6347348093986511 252 246 263 262
patient0072_0220 0 0.6542267203330994 250 248 262 262
patient0072_0221 0 0.6244999170303345 250 247 261 262
patient0072_0222 0 0.626907229423523 249 247 261 262
patient0072_0223 0 0.5923014283180237 249 247 261 261
patient0072_0224 0 0.6104061007499695 249 248 259 260
patient0072_0225 0 0.6258238554000854 249 248 258 259
patient0072_0226 0 0.6014063358306885 248 248 258 259
patient0072_0227 0 0.5134554505348206 247 248 256 259
patient0072_0228 0 0.49825671315193176 246 247 256 259
patient0072_0229 0 0.4699430763721466 246 249 256 261
patient0072_0230 0 0.30075523257255554 246 249 256 261
patient0073_0093 0 0.2790728509426117 298 231 321 281
patient0073_0096 0 0.6888530850410461 145 200 179 241
patient0073_0097 0 0.6922804713249207 144 199 179 241
patient0073_0101 0 0.663205623626709 66 105 98 151
patient0073_0102 0 0.5761803388595581 68 104 100 151
patient0073_0137 0 0.4261082112789154 193 417 265 490
patient0073_0148 0 0.2792569100856781 206 259 224 284
patient0073_0150 0 0.5868403315544128 202 255 224 284
patient0073_0151 0 0.7506316900253296 201 255 225 285
patient0073_0152 0 0.7987542152404785 200 255 226 286
patient0073_0153 0 0.7806484699249268 200 252 227 287
patient0073_0154 0 0.7863606810569763 199 250 228 288
patient0073_0155 0 0.8146119713783264 200 250 228 289
patient0073_0156 0 0.8026657104492188 199 248 229 290
patient0073_0157 0 0.7911622524261475 198 247 229 291
patient0073_0158 0 0.7939160466194153 198 246 229 291
patient0073_0159 0 0.8063770532608032 198 245 228 291
patient0073_0160 0 0.8060711026191711 198 244 228 291
patient0073_0161 0 0.8068919777870178 198 243 229 291
patient0073_0162 0 0.807359516620636 198 242 229 292
patient0073_0163 0 0.799858808517456 197 242 229 293
patient0073_0164 0 0.771058976650238 193 240 230 294
patient0073_0165 0 0.8260442018508911 192 231 245 295
patient0073_0166 0 0.8503427505493164 192 231 248 295
patient0073_0167 0 0.8626137375831604 191 230 248 295
patient0073_0168 0 0.8607906699180603 190 230 249 295
patient0073_0169 0 0.8663888573646545 189 230 249 296
patient0073_0170 0 0.8699811697006226 189 230 249 296
patient0073_0171 0 0.8871634006500244 188 230 251 296
patient0073_0172 0 0.8942840695381165 187 231 252 296
patient0073_0173 0 0.8964712619781494 186 231 251 296
patient0073_0174 0 0.8589635491371155 187 231 251 297
patient0073_0175 0 0.849263072013855 196 233 251 297
patient0073_0176 0 0.830149233341217 199 233 251 297
patient0073_0177 0 0.8114251494407654 204 233 251 297
patient0073_0178 0 0.8095781207084656 206 233 251 297
patient0073_0179 0 0.7777648568153381 214 233 252 297
patient0073_0180 0 0.8092353343963623 218 233 251 297
patient0073_0181 0 0.8268770575523376 217 233 252 298
patient0073_0182 0 0.8307453989982605 216 234 252 298
patient0073_0183 0 0.8288984894752502 214 233 252 299
patient0073_0184 0 0.8384602665901184 213 233 252 299
patient0073_0185 0 0.8483526706695557 212 234 253 298
patient0073_0186 0 0.8548962473869324 210 232 256 298
patient0073_0187 0 0.8539220094680786 210 232 257 298
patient0073_0188 0 0.8161057233810425 208 232 257 297
patient0073_0189 0 0.800029456615448 208 233 259 297
patient0073_0190 0 0.502473771572113 232 233 258 273
patient0073_0190 0 0.41088253259658813 208 233 259 297
patient0073_0191 0 0.7305417060852051 230 232 258 273
patient0073_0192 0 0.7573826313018799 228 232 257 270
patient0073_0193 0 0.7354793548583984 228 232 257 266
patient0073_0194 0 0.7450710535049438 228 232 257 263
patient0073_0195 0 0.6961356401443481 231 234 256 261
patient0073_0196 0 0.772929310798645 229 233 255 260
patient0073_0197 0 0.7676960229873657 227 232 255 258
patient0073_0198 0 0.6962099075317383 234 233 256 257
patient0073_0199 0 0.6454892754554749 235 233 253 255
patient0073_0200 0 0.7136012315750122 230 233 253 255
patient0073_0201 0 0.6937708854675293 230 233 252 254
patient0073_0202 0 0.7349064946174622 230 233 252 254
patient0073_0203 0 0.7528590559959412 230 234 251 253
patient0073_0204 0 0.7437417507171631 230 235 248 252
patient0073_0205 0 0.688385546207428 230 235 246 250
patient0073_0206 0 0.5958807468414307 231 236 244 249
patient0073_0207 0 0.6107266545295715 231 233 244 249
patient0073_0208 0 0.6316007375717163 230 235 242 249
patient0073_0209 0 0.6376590132713318 229 237 241 248
patient0073_0210 0 0.6526613235473633 229 237 241 248
patient0073_0211 0 0.31995299458503723 228 237 241 248
patient0073_0212 0 0.28922051191329956 228 238 240 248
patient0074_0026 0 0.2611008584499359 179 221 203 242
patient0074_0027 0 0.27174410223960876 398 250 436 285
patient0074_0028 0 0.337819904088974 398 250 435 284
patient0074_0029 0 0.34866777062416077 398 250 434 280
patient0074_0088 0 0.27463698387145996 172 255 187 271
patient0074_0140 0 0.45317304134368896 203 276 217 298
patient0074_0141 0 0.45951902866363525 202 271 217 298
patient0074_0142 0 0.5016255378723145 202 272 217 297
patient0074_0143 0 0.540402352809906 201 274 216 296
patient0074_0144 0 0.5206653475761414 200 274 216 297
patient0074_0145 0 0.48640844225883484 204 273 217 296
patient0074_0146 0 0.6960343718528748 203 272 218 295
patient0074_0147 0 0.7887322902679443 202 270 219 297
patient0074_0147 0 0.6324220299720764 148 301 166 326
patient0074_0148 0 0.7211007475852966 201 268 220 298
patient0074_0148 0 0.6859433054924011 201 254 242 298
patient0074_0148 0 0.606535792350769 148 302 166 326
patient0074_0149 0 0.7952128648757935 199 254 243 301
patient0074_0149 0 0.4451601803302765 147 303 165 324
patient0074_0150 0 0.8265169262886047 199 252 245 301
patient0074_0151 0 0.8502085208892822 199 253 246 301
patient0074_0152 0 0.8598641753196716 197 252 246 302
patient0074_0153 0 0.8603441715240479 196 251 246 303
patient0074_0154 0 0.8604667782783508 196 252 247 304
patient0074_0155 0 0.856647253036499 195 252 247 305
patient0074_0156 0 0.8470213413238525 194 252 248 305
patient0074_0157 0 0.8482538461685181 194 253 249 305
patient0074_0158 0 0.8377483487129211 192 252 250 305
patient0074_0159 0 0.8429250717163086 191 252 250 305
patient0074_0160 0 0.8375571370124817 192 251 247 306
patient0074_0161 0 0.7877787947654724 192 254 247 306
patient0074_0162 0 0.7738243341445923 206 256 247 306
patient0074_0163 0 0.8091718554496765 209 258 248 306
patient0074_0164 0 0.8006072044372559 211 258 248 306
patient0074_0165 0 0.8037770390510559 213 258 247 306
patient0074_0166 0 0.8156878352165222 212 258 247 307
patient0074_0167 0 0.7814931869506836 212 258 247 307
patient0074_0168 0 0.8191196322441101 211 258 247 307
patient0074_0169 0 0.8070098161697388 213 258 248 307
patient0074_0170 0 0.7996999621391296 212 258 248 307
patient0074_0171 0 0.7912514209747314 212 258 246 307
patient0074_0172 0 0.7930115461349487 213 259 247 307
patient0074_0173 0 0.8079349994659424 214 256 249 308
patient0074_0174 0 0.8012228012084961 214 254 250 308
patient0074_0175 0 0.7927491068840027 214 252 251 307
patient0074_0176 0 0.7946974039077759 214 253 252 307
patient0074_0177 0 0.805803656578064 214 253 254 307
patient0074_0178 0 0.8259094953536987 216 254 253 305
patient0074_0179 0 0.8179762363433838 216 252 252 305
patient0074_0180 0 0.8323615789413452 215 251 252 305
patient0074_0181 0 0.8104369640350342 215 251 252 303
patient0074_0182 0 0.7550846934318542 215 252 251 304
patient0074_0183 0 0.6787458658218384 213 251 251 303
patient0074_0184 0 0.5392823815345764 213 250 250 303
patient0074_0185 0 0.5998592376708984 237 250 249 263
patient0074_0186 0 0.5955419540405273 236 250 248 263
patient0074_0187 0 0.5584055185317993 235 250 245 262
patient0074_0188 0 0.5542812943458557 234 249 244 261
patient0074_0189 0 0.5729482173919678 234 249 243 261
patient0074_0190 0 0.5493327379226685 232 249 242 260
patient0074_0191 0 0.4924789071083069 230 248 241 260
patient0074_0192 0 0.5096733570098877 230 248 240 260
patient0074_0193 0 0.49403026700019836 230 249 240 260
patient0074_0194 0 0.2843349277973175 226 248 241 261
patient0074_0195 0 0.2770678400993347 226 249 241 262
patient0074_0200 0 0.366586834192276 255 202 288 246
patient0075_0017 0 0.2642993927001953 270 329 301 353
patient0075_0020 0 0.26716986298561096 270 329 302 352
patient0075_0174 0 0.48797646164894104 213 281 229 301
patient0075_0176 0 0.5184135437011719 212 275 231 308
patient0075_0177 0 0.7411162853240967 212 274 229 309
patient0075_0178 0 0.7800354361534119 212 271 230 311
patient0075_0179 0 0.7772310376167297 211 270 230 311
patient0075_0180 0 0.7588661313056946 211 268 231 313
patient0075_0181 0 0.7698540091514587 210 267 231 313
patient0075_0182 0 0.7763162851333618 209 265 231 314
patient0075_0183 0 0.8091177940368652 208 262 237 315
patient0075_0184 0 0.8336356282234192 205 256 242 315
patient0075_0185 0 0.8259196281433105 204 255 244 316
patient0075_0186 0 0.798347532749176 204 254 246 316
patient0075_0187 0 0.8058101534843445 204 253 247 316
patient0075_0188 0 0.8191959857940674 202 253 248 316
patient0075_0189 0 0.829825758934021 201 253 249 316
patient0075_0190 0 0.8413037061691284 200 253 249 316
patient0075_0191 0 0.8324755430221558 200 255 249 315
patient0075_0192 0 0.8227536678314209 200 255 252 315
patient0075_0193 0 0.7792201042175293 206 262 253 315
patient0075_0194 0 0.8164339065551758 215 270 252 315
patient0075_0195 0 0.8008240461349487 213 270 253 315
patient0075_0196 0 0.8037262558937073 210 269 253 315
patient0075_0197 0 0.7991441488265991 210 270 253 315
patient0075_0198 0 0.8091622591018677 213 270 253 315
patient0075_0199 0 0.7854262590408325 213 272 252 314
patient0075_0200 0 0.7688034176826477 212 272 253 314
patient0075_0201 0 0.7481465935707092 212 272 254 314
patient0075_0202 0 0.7842519283294678 211 271 254 314
patient0075_0203 0 0.8230504989624023 211 270 255 314
patient0075_0204 0 0.8469489216804504 211 272 255 313
patient0075_0205 0 0.8340428471565247 211 272 255 313
patient0075_0206 0 0.8661988377571106 211 273 254 311
patient0075_0207 0 0.8827346563339233 209 272 254 311
patient0075_0208 0 0.8549343347549438 208 270 254 311
patient0075_0209 0 0.768828809261322 207 269 254 310
patient0075_0210 0 0.5069394707679749 226 265 256 309
patient0075_0211 0 0.5591534376144409 227 266 258 308
patient0075_0212 0 0.5570418238639832 229 267 257 297
patient0075_0213 0 0.3156331479549408 228 267 256 302
patient0075_0214 0 0.6680403351783752 227 267 256 302
patient0075_0215 0 0.7490655183792114 228 267 255 302
patient0075_0216 0 0.7902629375457764 229 266 255 300
patient0075_0217 0 0.7890264391899109 230 267 255 296
patient0075_0218 0 0.7648614645004272 232 268 254 295
patient0075_0219 0 0.5418491959571838 234 268 253 291
patient0075_0220 0 0.6431765556335449 239 268 251 288
patient0075_0221 0 0.6561403274536133 238 268 251 287
patient0075_0222 0 0.6123843789100647 238 267 250 285
patient0075_0223 0 0.6548765897750854 236 267 248 282
patient0075_0224 0 0.6342756748199463 235 267 247 282
patient0075_0225 0 0.6299171447753906 233 265 247 281
patient0075_0226 0 0.5923302173614502 232 265 244 281
patient0075_0227 0 0.5551154613494873 232 265 243 281
patient0075_0228 0 0.4534594416618347 231 264 242 280
patient0076_0001 0 0.42577964067459106 108 419 122 442
patient0076_0001 0 0.320080429315567 313 390 329 404
patient0076_0027 0 0.4000343382358551 299 418 322 449
patient0076_0141 0 0.46614545583724976 246 347 274 365
patient0076_0201 0 0.3939816355705261 186 279 208 307
patient0076_0202 0 0.5218321681022644 183 276 210 308
patient0076_0203 0 0.5928341746330261 183 274 209 307
patient0076_0204 0 0.6127616763114929 183 273 210 308
patient0076_0205 0 0.44943204522132874 185 273 211 308
patient0076_0206 0 0.3194446265697479 185 274 210 307
patient0076_0207 0 0.34187597036361694 185 275 209 306
patient0076_0208 0 0.5258277654647827 186 277 203 301
patient0076_0209 0 0.6931915283203125 186 275 204 300
patient0076_0210 0 0.7165592312812805 186 274 205 301
patient0076_0211 0 0.7807216048240662 186 274 206 302
patient0076_0212 0 0.7891656160354614 185 273 207 303
patient0076_0213 0 0.7743387222290039 184 272 207 304
patient0076_0214 0 0.7746869921684265 184 271 207 305
patient0076_0215 0 0.7993088960647583 184 270 207 304
patient0076_0216 0 0.8139474391937256 185 269 208 305
patient0076_0217 0 0.8137843012809753 183 268 208 306
patient0076_0218 0 0.8161790370941162 181 266 209 307
patient0076_0219 0 0.8147982358932495 181 267 209 306
patient0076_0220 0 0.8067836761474609 180 266 210 307
patient0076_0221 0 0.7963796854019165 179 264 210 308
patient0076_0222 0 0.8378115892410278 180 258 212 308
patient0076_0223 0 0.8594509959220886 179 257 217 308
patient0076_0224 0 0.8584930896759033 178 256 225 309
patient0076_0225 0 0.8525198698043823 177 256 226 309
patient0076_0226 0 0.8434937000274658 177 256 226 309
patient0076_0227 0 0.8529857993125916 176 255 227 309
patient0076_0228 0 0.8569263219833374 176 256 227 309
patient0076_0229 0 0.8582735657691956 175 256 228 309
patient0076_0230 0 0.8615448474884033 175 256 228 309
patient0076_0231 0 0.8690909147262573 174 256 229 310
patient0076_0232 0 0.8729941844940186 174 256 229 309
patient0076_0233 0 0.8721449971199036 174 257 229 309
patient0076_0234 0 0.8710882663726807 173 257 229 309
patient0076_0235 0 0.8664263486862183 173 257 229 309
patient0076_0236 0 0.8528459668159485 173 257 229 309
patient0076_0237 0 0.838299036026001 188 261 230 309
patient0076_0238 0 0.8367884159088135 189 261 229 309
patient0076_0239 0 0.824462890625 191 262 229 309
patient0076_0240 0 0.8189446926116943 192 262 229 309
patient0076_0241 0 0.8268229961395264 193 261 230 309
patient0076_0242 0 0.8594924807548523 199 262 230 309
patient0076_0243 0 0.8566363453865051 199 261 231 309
patient0076_0244 0 0.8686223030090332 198 261 235 309
patient0076_0245 0 0.8660194277763367 198 260 237 309
patient0076_0246 0 0.8579505681991577 198 261 239 309
patient0076_0247 0 0.8421111702919006 198 262 239 309
patient0076_0248 0 0.7961039543151855 198 261 237 309
patient0076_0249 0 0.7858752608299255 196 261 236 308
patient0076_0250 0 0.7814550995826721 196 260 236 309
patient0076_0251 0 0.7702236771583557 195 260 236 309
patient0076_0251 0 0.35374534130096436 207 260 236 286
patient0076_0252 0 0.7786123156547546 194 260 236 309
patient0076_0252 0 0.4440126121044159 207 260 235 285
patient0076_0253 0 0.7851267457008362 193 260 236 309
patient0076_0253 0 0.4667758047580719 209 260 235 283
patient0076_0254 0 0.8108422160148621 193 260 235 309
patient0076_0254 0 0.3351548910140991 208 260 235 282
patient0076_0255 0 0.823897123336792 192 260 235 309
patient0076_0256 0 0.8153318762779236 192 260 236 309
patient0076_0257 0 0.7172610759735107 191 260 236 309
patient0076_0257 0 0.39018669724464417 210 261 234 281
patient0076_0258 0 0.5584356188774109 211 261 234 280
patient0076_0259 0 0.6278353333473206 215 262 233 277
patient0076_0260 0 0.6068568825721741 218 262 232 276
patient0076_0261 0 0.6173756718635559 215 262 231 275
patient0076_0262 0 0.5661916136741638 218 262 230 274
patient0076_0263 0 0.539094090461731 218 262 230 274
patient0076_0264 0 0.5214725732803345 218 261 229 273
patient0076_0265 0 0.5535048246383667 218 261 228 273
patient0076_0266 0 0.5919291973114014 217 260 228 273
patient0076_0267 0 0.6054564714431763 217 259 227 273
patient0076_0268 0 0.6157613396644592 217 259 227 272
patient0076_0269 0 0.5940235257148743 216 259 226 272
patient0076_0270 0 0.5857668519020081 214 260 225 272
patient0076_0271 0 0.5786121487617493 214 260 224 272
patient0076_0272 0 0.5970124006271362 214 260 224 272
patient0076_0273 0 0.6198241114616394 213 260 223 273
patient0076_0274 0 0.6020613312721252 213 261 223 273
patient0076_0275 0 0.5828407406806946 212 261 222 273
patient0076_0276 0 0.5733751654624939 211 261 222 273
patient0076_0277 0 0.49536383152008057 211 261 220 272
patient0076_0314 0 0.5369844436645508 227 345 244 364
patient0076_0315 0 0.5515716075897217 227 344 243 364
patient0076_0316 0 0.40560832619667053 226 343 244 364
patient0076_0317 0 0.4093392789363861 225 342 244 363
patient0077_0003 0 0.4904548227787018 130 214 147 230
patient0077_0004 0 0.5186804533004761 130 214 148 230
patient0077_0005 0 0.2515663504600525 131 216 148 231
patient0077_0011 0 0.4437780976295471 133 241 153 267
patient0077_0012 0 0.35428404808044434 134 241 154 269
patient0077_0153 0 0.42469456791877747 211 244 233 269
patient0077_0154 0 0.30149656534194946 213 243 231 268
patient0077_0155 0 0.2761940062046051 212 242 231 267
patient0077_0158 0 0.4864060878753662 211 235 229 264
patient0077_0159 0 0.6946666836738586 212 237 229 263
patient0077_0160 0 0.7988700270652771 211 237 229 264
patient0077_0161 0 0.7822543978691101 209 234 231 266
patient0077_0162 0 0.7711683511734009 208 233 231 269
patient0077_0163 0 0.7918151021003723 207 232 233 269
patient0077_0164 0 0.8098812103271484 206 231 234 270
patient0077_0165 0 0.8052059412002563 206 230 235 271
patient0077_0166 0 0.788087785243988 204 210 249 272
patient0077_0167 0 0.829847514629364 202 208 253 273
patient0077_0168 0 0.8319800496101379 201 208 255 273
patient0077_0169 0 0.8515238165855408 200 208 256 273
patient0077_0170 0 0.8665068745613098 199 208 258 274
patient0077_0171 0 0.8831494450569153 198 207 260 274
patient0077_0172 0 0.8783851265907288 196 206 261 275
patient0077_0173 0 0.8611812591552734 194 206 262 275
patient0077_0174 0 0.8761773705482483 194 206 263 275
patient0077_0175 0 0.8862413167953491 193 206 263 275
patient0077_0176 0 0.8871356844902039 192 206 263 275
patient0077_0177 0 0.8844575881958008 191 206 264 275
patient0077_0178 0 0.8897885680198669 191 206 265 275
patient0077_0179 0 0.8932616114616394 191 205 265 275
patient0077_0180 0 0.8839042782783508 191 204 266 275
patient0077_0181 0 0.8774664998054504 190 204 266 275
patient0077_0182 0 0.8816521167755127 190 204 266 275
patient0077_0183 0 0.8689427971839905 209 205 267 275
patient0077_0184 0 0.7088479399681091 219 204 267 275
patient0077_0185 0 0.8033419847488403 230 204 269 275
patient0077_0186 0 0.8279849886894226 231 204 274 275
patient0077_0187 0 0.8333508372306824 231 205 275 274
patient0077_0188 0 0.8326635956764221 230 204 277 273
patient0077_0189 0 0.8438993692398071 230 203 278 273
patient0077_0190 0 0.84897780418396 229 203 279 273
patient0077_0191 0 0.8525722026824951 228 202 281 273
patient0077_0192 0 0.8330547213554382 227 202 281 273
patient0077_0193 0 0.8201217651367188 225 202 277 273
patient0077_0194 0 0.8071476221084595 225 201 275 273
patient0077_0195 0 0.8147897720336914 225 200 274 273
patient0077_0196 0 0.8147880434989929 224 200 273 273
patient0077_0197 0 0.7515062689781189 223 200 272 273
patient0077_0197 0 0.3868534564971924 239 200 269 226
patient0077_0198 0 0.7534993290901184 221 199 273 274
patient0077_0198 0 0.4252644181251526 238 199 271 225
patient0077_0199 0 0.5632888078689575 219 200 273 272
patient0077_0199 0 0.5179337859153748 237 199 271 225
patient0077_0200 0 0.6714438796043396 237 200 271 225
patient0077_0201 0 0.6930708289146423 237 201 268 224
patient0077_0202 0 0.663205623626709 237 202 260 224
patient0077_0203 0 0.6275309324264526 237 202 258 222
patient0077_0204 0 0.5731934309005737 237 201 259 219
patient0077_0205 0 0.6351923942565918 237 202 257 218
patient0077_0206 0 0.6164335608482361 237 203 256 217
patient0077_0207 0 0.5353938341140747 236 203 254 215
patient0077_0208 0 0.5357370376586914 235 204 252 215
patient0077_0209 0 0.503865659236908 235 204 250 214
patient0077_0210 0 0.5908524990081787 237 203 250 214
patient0077_0211 0 0.5999413728713989 236 204 249 214
patient0077_0212 0 0.5874767899513245 236 204 248 214
patient0077_0213 0 0.520643413066864 236 205 248 215
patient0077_0214 0 0.5189047455787659 235 205 249 216
patient0077_0215 0 0.5601694583892822 234 206 249 217
patient0077_0216 0 0.45258837938308716 234 207 248 218
patient0077_0218 0 0.437019020318985 223 212 249 259
patient0078_0014 0 0.26500335335731506 404 368 446 430
patient0078_0016 0 0.5222148299217224 160 367 199 406
patient0078_0035 0 0.28647929430007935 256 87 274 108
patient0078_0046 0 0.25387346744537354 336 451 359 476
patient0078_0047 0 0.6075510382652283 337 450 358 478
patient0078_0048 0 0.265125036239624 339 456 361 480
patient0078_0069 0 0.31236541271209717 0 268 21 324
patient0078_0097 0 0.2977589964866638 187 244 219 281
patient0078_0111 0 0.3684128224849701 174 255 218 303
patient0078_0172 0 0.696625828742981 187 266 207 292
patient0078_0173 0 0.7584256529808044 187 265 208 293
patient0078_0174 0 0.7690263390541077 186 261 208 297
patient0078_0175 0 0.7910774946212769 186 260 208 298
patient0078_0176 0 0.7857425808906555 185 259 208 301
patient0078_0177 0 0.7842780351638794 185 258 209 302
patient0078_0178 0 0.8167691826820374 186 257 209 304
patient0078_0179 0 0.80785071849823 184 256 209 304
patient0078_0180 0 0.8120995163917542 184 256 210 304
patient0078_0181 0 0.8131456971168518 184 256 210 305
patient0078_0182 0 0.7487597465515137 184 256 209 307
patient0078_0183 0 0.6989789605140686 184 254 210 308
patient0078_0184 0 0.8045154213905334 183 253 211 310
patient0078_0185 0 0.7945537567138672 183 252 211 311
patient0078_0186 0 0.8070469498634338 181 251 212 310
patient0078_0187 0 0.805877685546875 180 249 212 310
patient0078_0188 0 0.7646953463554382 179 248 218 310
patient0078_0189 0 0.7799511551856995 179 247 218 310
patient0078_0190 0 0.8041234016418457 177 247 230 310
patient0078_0191 0 0.8241573572158813 177 246 229 310
patient0078_0192 0 0.8130215406417847 176 242 229 311
patient0078_0193 0 0.8378896713256836 175 240 232 312
patient0078_0194 0 0.8596084713935852 174 239 235 313
patient0078_0195 0 0.8835847973823547 173 240 237 314
patient0078_0196 0 0.9001752734184265 172 240 238 314
patient0078_0197 0 0.9084984064102173 171 240 238 314
patient0078_0198 0 0.9160694479942322 170 240 238 314
patient0078_0199 0 0.9144409894943237 169 241 238 314
patient0078_0200 0 0.9088855385780334 169 241 239 315
patient0078_0201 0 0.903204083442688 168 242 240 315
patient0078_0202 0 0.9012746214866638 169 244 240 316
patient0078_0203 0 0.8865057229995728 169 246 240 316
patient0078_0204 0 0.8204950094223022 171 251 241 316
patient0078_0205 0 0.8274112343788147 186 255 241 316
patient0078_0206 0 0.8098435401916504 188 255 241 315
patient0078_0207 0 0.8338982462882996 188 256 240 315
patient0078_0208 0 0.8532066941261292 187 257 241 315
patient0078_0209 0 0.8465893268585205 186 258 242 315
patient0078_0210 0 0.8016795516014099 184 257 244 315
patient0078_0211 0 0.7432921528816223 181 257 245 316
patient0078_0212 0 0.6673153638839722 210 261 246 305
patient0078_0212 0 0.262626051902771 180 259 245 316
patient0078_0213 0 0.7566389441490173 210 262 246 304
patient0078_0214 0 0.7507722973823547 210 262 244 303
patient0078_0215 0 0.5674774050712585 211 262 243 303
patient0078_0216 0 0.33078715205192566 210 261 242 292
patient0078_0217 0 0.5339511632919312 217 261 242 291
patient0078_0218 0 0.6814606189727783 214 261 242 289
patient0078_0219 0 0.6481284499168396 214 260 242 289
patient0078_0220 0 0.6756653189659119 213 260 242 289
patient0078_0221 0 0.68372642993927 212 261 241 287
patient0078_0221 0 0.3231998383998871 212 261 244 319
patient0078_0222 0 0.7540094256401062 212 261 241 286
patient0078_0223 0 0.6659386157989502 212 261 241 285
patient0078_0224 0 0.6511553525924683 212 261 241 286
patient0078_0225 0 0.6502552032470703 213 261 241 285
patient0078_0226 0 0.31981930136680603 222 262 241 283
patient0078_0227 0 0.46880683302879333 224 263 241 282
patient0078_0228 0 0.6372764110565186 221 262 240 282
patient0078_0229 0 0.662790060043335 223 260 240 281
patient0078_0230 0 0.6378969550132751 225 259 240 281
patient0078_0231 0 0.6071287393569946 225 260 239 281
patient0078_0232 0 0.5838224291801453 225 260 238 280
patient0078_0233 0 0.6368446350097656 225 260 237 279
patient0078_0234 0 0.575322151184082 216 262 235 276
patient0078_0235 0 0.5951700210571289 217 263 234 276
patient0078_0236 0 0.5499904751777649 221 263 232 276
patient0078_0237 0 0.5532092452049255 219 262 231 276
patient0078_0238 0 0.6179643869400024 217 263 229 275
patient0078_0239 0 0.5393348932266235 216 264 227 275
patient0078_0240 0 0.5411012172698975 217 262 227 274
patient0079_0007 0 0.30517271161079407 427 321 454 349
patient0079_0012 0 0.39790070056915283 206 284 230 308
patient0079_0013 0 0.2916659414768219 206 287 230 307
patient0079_0152 0 0.7287861704826355 206 252 232 289
patient0079_0153 0 0.7401495575904846 205 253 233 291
patient0079_0154 0 0.7547607421875 205 253 233 291
patient0079_0155 0 0.7533066868782043 202 251 234 291
patient0079_0156 0 0.7712858319282532 201 252 234 292
patient0079_0157 0 0.7971299290657043 200 251 234 293
patient0079_0158 0 0.7911182641983032 200 248 232 294
patient0079_0159 0 0.7799432873725891 201 249 232 295
patient0079_0160 0 0.7920451760292053 202 250 232 295
patient0079_0161 0 0.7997018098831177 201 249 232 297
patient0079_0162 0 0.8071711659431458 200 248 232 297
patient0079_0163 0 0.7844229340553284 200 247 232 297
patient0079_0164 0 0.7735288143157959 200 246 232 298
patient0079_0165 0 0.774403989315033 199 245 232 298
patient0079_0166 0 0.7942363023757935 198 244 233 299
patient0079_0167 0 0.7904731035232544 198 243 233 299
patient0079_0168 0 0.7768278121948242 198 242 234 299
patient0079_0169 0 0.8040333986282349 198 241 243 300
patient0079_0170 0 0.858971118927002 197 240 247 301
patient0079_0171 0 0.875737190246582 195 238 249 302
patient0079_0172 0 0.8643463850021362 192 238 249 303
patient0079_0173 0 0.8688726425170898 190 239 250 304
patient0079_0174 0 0.8615983128547668 190 239 250 304
patient0079_0175 0 0.8674344420433044 188 239 251 304
patient0079_0176 0 0.8670296669006348 187 239 251 304
patient0079_0177 0 0.866403341293335 187 240 252 305
patient0079_0178 0 0.8779932856559753 186 240 253 305
patient0079_0179 0 0.7879697680473328 187 241 254 306
patient0079_0180 0 0.8012174367904663 214 246 254 303
patient0079_0181 0 0.8422057032585144 211 247 256 306
patient0079_0182 0 0.8503458499908447 210 248 257 306
patient0079_0183 0 0.861341655254364 209 248 260 307
patient0079_0184 0 0.8553404808044434 209 248 260 307
patient0079_0185 0 0.7801983952522278 225 251 261 291
patient0079_0185 0 0.6386946439743042 205 250 261 307
patient0079_0186 0 0.796738862991333 226 251 262 290
patient0079_0186 0 0.4100821614265442 204 250 261 307
patient0079_0187 0 0.7839438915252686 226 251 263 290
patient0079_0188 0 0.7744549512863159 227 251 263 290
patient0079_0189 0 0.785918116569519 227 250 263 288
patient0079_0190 0 0.7600394487380981 227 250 261 282
patient0079_0191 0 0.7678626179695129 228 249 259 275
patient0079_0192 0 0.7803231477737427 229 250 258 274
patient0079_0193 0 0.7761636972427368 228 250 257 273
patient0079_0194 0 0.7854220867156982 228 250 257 272
patient0079_0195 0 0.7825862765312195 228 250 257 271
patient0079_0196 0 0.7834846377372742 229 250 257 271
patient0079_0197 0 0.7878814935684204 229 250 257 271
patient0079_0198 0 0.783523678779602 229 251 257 270
patient0079_0199 0 0.7783128023147583 229 251 256 270
patient0079_0200 0 0.7749744653701782 229 250 255 269
patient0079_0201 0 0.7723262906074524 229 250 255 269
patient0079_0202 0 0.7785848379135132 230 250 254 268
patient0079_0203 0 0.7461429834365845 231 248 253 267
patient0079_0204 0 0.6181800365447998 238 247 253 266
patient0079_0205 0 0.6114354133605957 237 249 252 266
patient0079_0206 0 0.626405656337738 236 251 251 266
patient0079_0207 0 0.5854585766792297 233 252 249 266
patient0079_0208 0 0.6065877079963684 232 253 247 265
patient0079_0209 0 0.5637311935424805 234 254 246 265
patient0079_0210 0 0.5912577509880066 235 254 246 265
patient0079_0211 0 0.45160752534866333 235 254 245 265
patient0079_0211 0 0.34448015689849854 217 255 247 309
patient0079_0212 0 0.606346607208252 217 255 246 308
patient0079_0213 0 0.4128209352493286 217 254 245 308
patient0079_0214 0 0.4404415190219879 230 253 241 263
patient0079_0215 0 0.5589070916175842 231 253 240 263
patient0079_0216 0 0.531406044960022 230 253 239 263
patient0080_0022 0 0.440138578414917 110 270 134 302
patient0080_0065 0 0.28690657019615173 149 413 170 438
patient0080_0073 0 0.40207889676094055 147 410 173 444
patient0080_0074 0 0.48344600200653076 147 409 172 441
patient0080_0075 0 0.27623650431632996 146 409 172 440
patient0080_0173 0 0.5715318918228149 196 329 215 352
patient0080_0174 0 0.5939736366271973 194 327 214 352
patient0080_0175 0 0.777692973613739 192 326 214 352
patient0080_0176 0 0.794940173625946 191 324 215 353
patient0080_0177 0 0.7328880429267883 190 323 217 355
patient0080_0178 0 0.7880382537841797 188 321 217 356
patient0080_0179 0 0.7987659573554993 186 320 218 357
patient0080_0180 0 0.8088065385818481 185 300 221 358
patient0080_0181 0 0.8078511953353882 185 300 224 358
patient0080_0182 0 0.8327139019966125 184 297 231 359
patient0080_0183 0 0.8303956389427185 184 300 236 359
patient0080_0184 0 0.8553414344787598 182 303 237 359
patient0080_0185 0 0.8517425656318665 181 303 238 360
patient0080_0186 0 0.8582507371902466 180 302 238 360
patient0080_0187 0 0.8456133008003235 179 302 238 360
patient0080_0188 0 0.8356431722640991 179 302 238 360
patient0080_0189 0 0.84416264295578 178 301 240 360
patient0080_0190 0 0.8487421870231628 178 300 240 360
patient0080_0191 0 0.8590844869613647 178 300 241 361
patient0080_0192 0 0.8444289565086365 176 300 241 361
patient0080_0193 0 0.8154969811439514 196 297 241 361
patient0080_0194 0 0.8234655261039734 197 297 241 361
patient0080_0195 0 0.7714900970458984 201 298 241 361
patient0080_0196 0 0.7899588942527771 202 298 244 362
patient0080_0197 0 0.8056656122207642 207 297 248 362
patient0080_0198 0 0.8215421438217163 208 295 248 361
patient0080_0199 0 0.8174250721931458 208 296 248 361
patient0080_0200 0 0.8273468613624573 207 296 249 361
patient0080_0201 0 0.8317574262619019 207 296 249 361
patient0080_0202 0 0.8089311718940735 207 296 249 360
patient0080_0203 0 0.7950334548950195 206 297 249 359
patient0080_0204 0 0.7659028172492981 205 296 250 360
patient0080_0205 0 0.7713363170623779 204 296 251 361
patient0080_0205 0 0.2655026614665985 217 296 251 328
patient0080_0206 0 0.7931190729141235 204 297 250 361
patient0080_0207 0 0.7423880100250244 203 298 250 361
patient0080_0207 0 0.503450334072113 217 297 249 325
patient0080_0208 0 0.5782833099365234 221 298 247 321
patient0080_0208 0 0.3704253137111664 202 298 248 361
patient0080_0209 0 0.6956623792648315 219 298 246 320
patient0080_0210 0 0.6999439001083374 220 299 245 319
patient0080_0211 0 0.6687949299812317 222 299 243 317
patient0080_0212 0 0.6354381442070007 223 299 242 316
patient0080_0213 0 0.6083523035049438 227 300 239 315
patient0080_0214 0 0.5808966159820557 227 301 239 313
patient0080_0215 0 0.5606858730316162 224 300 237 313
patient0080_0216 0 0.549738347530365 224 300 235 312
patient0080_0217 0 0.516588032245636 223 299 235 312
patient0080_0218 0 0.3219311535358429 223 301 235 314
patient0081_0007 0 0.3034549653530121 309 375 326 393
patient0081_0025 0 0.6643338799476624 429 393 443 414
patient0081_0026 0 0.3854532837867737 429 394 445 415
patient0081_0027 0 0.30921047925949097 428 395 445 414
patient0081_0028 0 0.45979517698287964 430 397 444 413
patient0081_0029 0 0.3747028708457947 432 397 445 413
patient0081_0037 0 0.25177836418151855 408 394 434 416
patient0081_0048 0 0.3424435555934906 184 467 218 487
patient0081_0072 0 0.3098839223384857 306 108 319 123
patient0081_0151 0 0.34208136796951294 266 335 285 355
patient0081_0173 0 0.49913668632507324 200 338 216 362
patient0081_0174 0 0.2817632853984833 199 341 216 362
patient0081_0198 0 0.6863614320755005 218 281 230 302
patient0081_0199 0 0.7654410004615784 217 277 231 304
patient0081_0200 0 0.7761486172676086 218 276 232 305
patient0081_0201 0 0.7764150500297546 217 274 233 307
patient0081_0202 0 0.8066983222961426 217 272 234 308
patient0081_0203 0 0.79488205909729 217 271 236 310
patient0081_0204 0 0.7652462720870972 217 270 237 312
patient0081_0205 0 0.7660179734230042 217 269 237 313
patient0081_0206 0 0.7720142602920532 217 268 238 314
patient0081_0207 0 0.8023083806037903 216 252 262 315
patient0081_0207 0 0.705879271030426 217 267 239 314
patient0081_0208 0 0.789766252040863 216 254 264 316
patient0081_0208 0 0.5435535907745361 217 266 239 314
patient0081_0209 0 0.8089628219604492 215 254 266 316
patient0081_0210 0 0.8386217355728149 214 252 268 316
patient0081_0211 0 0.8602783679962158 214 252 269 316
patient0081_0212 0 0.8409002423286438 214 252 271 317
patient0081_0213 0 0.8556246161460876 212 252 271 317
patient0081_0214 0 0.8575782775878906 212 252 272 317
patient0081_0215 0 0.8682788610458374 212 253 272 317
patient0081_0216 0 0.8778876662254333 211 254 273 318
patient0081_0217 0 0.8861358761787415 210 254 274 318
patient0081_0218 0 0.8808743953704834 210 253 275 318
patient0081_0219 0 0.8735735416412354 209 254 275 319
patient0081_0220 0 0.8906358480453491 208 254 275 319
patient0081_0221 0 0.8959572911262512 207 254 275 320
patient0081_0222 0 0.8906636834144592 207 254 275 320
patient0081_0223 0 0.8879764676094055 207 255 275 321
patient0081_0224 0 0.8879621028900146 206 254 275 321
patient0081_0225 0 0.891589879989624 206 254 275 321
patient0081_0226 0 0.8769066333770752 205 254 275 321
patient0081_0227 0 0.8040918707847595 203 255 276 321
patient0081_0228 0 0.7640334963798523 229 260 276 321
patient0081_0229 0 0.8278127908706665 229 261 277 321
patient0081_0230 0 0.8384716510772705 228 262 278 321
patient0081_0231 0 0.8371180295944214 227 262 280 321
patient0081_0232 0 0.8193244338035583 226 261 280 319
patient0081_0233 0 0.7461159825325012 226 260 279 320
patient0081_0233 0 0.3225581645965576 261 262 281 303
patient0081_0234 0 0.7528443932533264 226 263 279 320
patient0081_0234 0 0.6491182446479797 261 264 281 300
patient0081_0235 0 0.6532790064811707 227 264 280 321
patient0081_0235 0 0.5639348030090332 250 265 280 299
patient0081_0236 0 0.5681086182594299 225 264 279 320
patient0081_0236 0 0.5379010438919067 248 265 279 296
patient0081_0237 0 0.5960279107093811 222 263 279 321
patient0081_0237 0 0.5404800176620483 249 263 279 290
patient0081_0238 0 0.6399778127670288 250 262 278 288
patient0081_0238 0 0.38389840722084045 223 261 279 321
patient0081_0239 0 0.7494258284568787 249 261 278 288
patient0081_0240 0 0.494851291179657 262 263 278 287
patient0081_0241 0 0.6125794649124146 261 264 278 287
patient0081_0242 0 0.70008784532547 251 263 278 287
patient0081_0243 0 0.734469473361969 251 264 277 286
patient0081_0244 0 0.7482829689979553 256 263 277 286
patient0081_0245 0 0.7300151586532593 257 263 277 285
patient0081_0246 0 0.6799410581588745 258 264 276 284
patient0081_0247 0 0.6428107023239136 257 265 274 281
patient0081_0248 0 0.6363526582717896 255 266 271 279
patient0081_0249 0 0.5942477583885193 257 266 270 279
patient0081_0250 0 0.5896019339561462 258 265 269 278
patient0081_0251 0 0.6119557619094849 257 258 269 278
patient0081_0252 0 0.599331259727478 258 258 268 277
patient0081_0253 0 0.6052892208099365 258 259 268 278
patient0081_0254 0 0.5735403299331665 256 262 266 277
patient0081_0255 0 0.5915009379386902 254 262 265 277
patient0081_0256 0 0.5563176274299622 253 261 263 276
patient0081_0257 0 0.6314513683319092 251 258 263 276
patient0081_0258 0 0.6218751072883606 251 261 261 275
patient0081_0259 0 0.43402618169784546 251 262 261 276
patient0082_0057 0 0.3095144033432007 21 88 57 125
patient0082_0058 0 0.32199859619140625 22 88 57 126
patient0082_0075 0 0.2846662998199463 211 104 245 140
patient0082_0088 0 0.45829832553863525 302 186 327 223
patient0082_0099 0 0.34201523661613464 168 380 199 410
patient0082_0105 0 0.27087217569351196 264 460 305 512
patient0082_0115 0 0.654100239276886 139 218 166 259
patient0082_0120 0 0.25660598278045654 436 319 475 376
patient0082_0151 0 0.7076342105865479 218 351 251 392
patient0082_0152 0 0.3267829418182373 217 349 251 394
patient0082_0153 0 0.2966984212398529 216 349 250 394
patient0082_0156 0 0.34524571895599365 215 345 251 394
patient0082_0158 0 0.5799171924591064 215 332 306 408
patient0082_0159 0 0.6159337759017944 215 333 307 405
patient0082_0160 0 0.3811938166618347 214 332 305 407
patient0082_0190 0 0.37914085388183594 192 316 205 330
patient0082_0191 0 0.642439067363739 191 312 207 332
patient0082_0192 0 0.7864046692848206 191 309 208 334
patient0082_0193 0 0.850254476070404 188 309 210 335
patient0082_0194 0 0.8450149297714233 188 308 210 336
patient0082_0195 0 0.8371276259422302 188 307 210 337
patient0082_0196 0 0.8154525756835938 187 305 210 338
patient0082_0197 0 0.800964891910553 185 304 211 339
patient0082_0198 0 0.8019892573356628 185 303 211 339
patient0082_0199 0 0.7938357591629028 184 302 211 339
patient0082_0200 0 0.7766358256340027 184 302 211 339
patient0082_0201 0 0.8289684057235718 183 287 227 341
patient0082_0202 0 0.8271931409835815 182 289 228 341
patient0082_0203 0 0.8246099948883057 181 288 228 341
patient0082_0204 0 0.8342103958129883 180 288 229 341
patient0082_0205 0 0.839297890663147 179 288 230 342
patient0082_0206 0 0.8455427885055542 178 287 231 342
patient0082_0207 0 0.8479650616645813 177 286 231 343
patient0082_0208 0 0.8529919981956482 176 286 232 343
patient0082_0209 0 0.8510751128196716 176 287 233 343
patient0082_0210 0 0.8463068008422852 174 286 233 343
patient0082_0211 0 0.835192859172821 174 283 234 343
patient0082_0212 0 0.8024303913116455 173 283 236 343
patient0082_0213 0 0.7755023837089539 173 288 236 344
patient0082_0214 0 0.8549274802207947 173 288 236 344
patient0082_0215 0 0.8417237401008606 173 287 236 344
patient0082_0216 0 0.7949580550193787 172 287 236 344
patient0082_0217 0 0.7394639849662781 196 287 235 344
patient0082_0218 0 0.7219553589820862 198 287 235 344
patient0082_0219 0 0.7341686487197876 197 290 235 344
patient0082_0220 0 0.7446984052658081 195 291 235 344
patient0082_0221 0 0.7170276045799255 198 290 235 344
patient0082_0222 0 0.6696085333824158 202 289 235 344
patient0082_0223 0 0.7756575345993042 199 285 235 345
patient0082_0224 0 0.7830715179443359 199 288 235 345
patient0082_0225 0 0.8174961805343628 203 295 236 345
patient0082_0226 0 0.8160004019737244 204 297 236 344
patient0082_0227 0 0.8114833831787109 203 296 236 345
patient0082_0228 0 0.8074355721473694 202 295 235 345
patient0082_0229 0 0.7900403141975403 202 291 235 344
patient0082_0230 0 0.7160406112670898 204 283 235 345
patient0082_0231 0 0.7768371105194092 204 282 234 345
patient0082_0232 0 0.7639033794403076 204 281 235 345
patient0082_0233 0 0.7744113206863403 206 279 238 345
patient0082_0234 0 0.8040485382080078 204 281 239 345
patient0082_0235 0 0.8092537522315979 205 281 239 345
patient0082_0236 0 0.8231213092803955 204 281 240 344
patient0082_0237 0 0.7736198306083679 201 279 240 345
patient0082_0238 0 0.7907715439796448 203 280 240 345
patient0082_0239 0 0.7926458120346069 203 280 241 344
patient0082_0240 0 0.7697184681892395 203 280 240 343
patient0082_0241 0 0.7708011865615845 202 280 240 342
patient0082_0242 0 0.7637777924537659 202 280 239 342
patient0082_0243 0 0.7238820791244507 202 280 240 342
patient0082_0244 0 0.6991358399391174 201 281 240 342
patient0082_0244 0 0.43010711669921875 219 281 240 305
patient0082_0245 0 0.5852729082107544 200 281 240 341
patient0082_0245 0 0.4767242670059204 219 281 238 302
patient0082_0246 0 0.470263808965683 199 281 238 341
patient0082_0246 0 0.47023099660873413 220 281 236 300
patient0082_0247 0 0.47944891452789307 220 282 234 297
patient0082_0247 0 0.2824965715408325 198 282 237 342
patient0082_0248 0 0.47844648361206055 218 281 233 295
patient0082_0248 0 0.3473057746887207 195 282 236 342
patient0082_0249 0 0.5175063610076904 218 281 232 295
patient0082_0249 0 0.3873421847820282 196 280 235 341
patient0082_0250 0 0.5360344648361206 218 281 232 294
patient0082_0250 0 0.32627949118614197 195 281 234 341
patient0082_0251 0 0.5543013215065002 217 281 231 294
patient0082_0251 0 0.37946081161499023 195 281 234 341
patient0082_0252 0 0.5746490955352783 216 282 229 293
patient0082_0252 0 0.3082836866378784 193 283 232 341
patient0082_0253 0 0.5970708727836609 216 282 228 292
patient0082_0254 0 0.5802345275878906 215 282 228 292
patient0082_0255 0 0.5644965767860413 214 281 227 292
patient0082_0256 0 0.5745397806167603 214 281 227 292
patient0082_0257 0 0.5478449463844299 214 281 227 292
patient0082_0258 0 0.5150963664054871 213 282 226 293
patient0082_0259 0 0.4873872399330139 213 282 225 293
patient0082_0260 0 0.49387702345848083 213 283 225 294
patient0082_0261 0 0.5424973368644714 212 283 225 295
patient0082_0262 0 0.540435254573822 212 284 225 297
patient0083_0001 0 0.2737194001674652 157 247 189 268
patient0083_0003 0 0.3037632703781128 259 230 287 263
patient0083_0007 0 0.3618365228176117 257 230 288 266
patient0083_0008 0 0.2539760172367096 256 229 288 286
patient0083_0009 0 0.285212904214859 295 80 317 101
patient0083_0012 0 0.5144615173339844 258 241 281 287
patient0083_0029 0 0.2786450684070587 23 263 38 280
patient0083_0062 0 0.4649098217487335 387 77 423 99
patient0083_0110 0 0.5700107216835022 158 291 186 324
patient0083_0111 0 0.4027293026447296 156 289 195 325
patient0083_0112 0 0.36940330266952515 157 287 196 323
patient0083_0243 0 0.2564903795719147 210 273 226 300
patient0083_0244 0 0.6988736391067505 207 273 226 299
patient0083_0245 0 0.7660084962844849 207 272 225 298
patient0083_0246 0 0.7915250658988953 207 271 225 299
patient0083_0247 0 0.7698400020599365 206 270 226 300
patient0083_0248 0 0.7663752436637878 206 270 226 301
patient0083_0249 0 0.7752253413200378 206 269 226 301
patient0083_0250 0 0.7839652299880981 205 268 226 302
patient0083_0251 0 0.7962226867675781 204 268 227 303
patient0083_0252 0 0.8224541544914246 204 267 227 304
patient0083_0253 0 0.6916258931159973 203 253 243 305
patient0083_0254 0 0.8228108882904053 202 253 243 305
patient0083_0255 0 0.8153175115585327 202 250 243 306
patient0083_0256 0 0.8135985136032104 202 249 245 307
patient0083_0257 0 0.8200777173042297 200 247 246 308
patient0083_0258 0 0.8268782496452332 198 251 247 308
patient0083_0259 0 0.8330881595611572 197 252 248 308
patient0083_0260 0 0.8425910472869873 196 251 248 308
patient0083_0261 0 0.8386645317077637 196 251 249 309
patient0083_0262 0 0.836945116519928 195 251 249 309
patient0083_0263 0 0.8382082581520081 194 250 250 310
patient0083_0264 0 0.8338162302970886 194 251 250 310
patient0083_0265 0 0.8277252316474915 193 251 251 310
patient0083_0266 0 0.8210005164146423 194 251 251 310
patient0083_0267 0 0.8214623928070068 193 251 252 310
patient0083_0268 0 0.8275291919708252 193 251 253 310
patient0083_0269 0 0.832690954208374 193 251 254 311
patient0083_0270 0 0.8362093567848206 193 251 254 311
patient0083_0271 0 0.8382514715194702 192 251 254 311
patient0083_0272 0 0.8373551368713379 192 251 254 311
patient0083_0273 0 0.8314306139945984 193 251 257 312
patient0083_0274 0 0.8462581038475037 192 251 262 312
patient0083_0275 0 0.8535988926887512 191 251 263 313
patient0083_0276 0 0.8502744436264038 192 251 264 313
patient0083_0277 0 0.796112060546875 208 251 265 313
patient0083_0278 0 0.7683852910995483 208 251 265 313
patient0083_0279 0 0.7499751448631287 212 251 265 313
patient0083_0280 0 0.7952677011489868 213 256 265 314
patient0083_0281 0 0.8009752035140991 213 257 265 315
patient0083_0282 0 0.7971762418746948 212 258 265 314
patient0083_0283 0 0.8118654489517212 212 258 265 314
patient0083_0284 0 0.8273420333862305 211 257 264 314
patient0083_0285 0 0.8120556473731995 210 257 263 314
patient0083_0286 0 0.8182547688484192 209 256 263 314
patient0083_0287 0 0.8197212219238281 209 257 263 314
patient0083_0288 0 0.7462866306304932 209 256 263 313
patient0083_0289 0 0.5505360960960388 230 257 261 283
patient0083_0289 0 0.43598783016204834 208 256 262 313
patient0083_0290 0 0.6676682829856873 232 257 261 282
patient0083_0291 0 0.7185278534889221 233 257 260 281
patient0083_0292 0 0.7340761423110962 234 257 260 279
patient0083_0293 0 0.6550000905990601 236 257 260 278
patient0083_0294 0 0.6108453273773193 236 258 259 278
patient0083_0295 0 0.6358047127723694 236 257 259 277
patient0083_0296 0 0.6477094292640686 236 255 258 277
patient0083_0297 0 0.6479861736297607 237 254 259 276
patient0083_0298 0 0.6539815068244934 238 254 258 275
patient0083_0299 0 0.597375750541687 239 255 255 274
patient0083_0300 0 0.5800696015357971 239 254 255 274
patient0083_0301 0 0.6140642762184143 240 253 255 274
patient0083_0302 0 0.6242087483406067 240 253 255 274
patient0083_0303 0 0.5898322463035583 240 254 254 273
patient0083_0304 0 0.6478182077407837 238 255 253 272
patient0083_0305 0 0.6682473421096802 237 256 251 270
patient0083_0306 0 0.6199180483818054 236 257 249 269
patient0083_0307 0 0.6089110970497131 236 257 248 268
patient0083_0308 0 0.5990133285522461 236 258 247 268
patient0083_0309 0 0.5849407315254211 236 258 247 268
patient0083_0310 0 0.5533506870269775 236 258 247 268
patient0083_0311 0 0.4705874025821686 234 258 244 267
patient0083_0312 0 0.44464340806007385 234 258 243 267
patient0083_0313 0 0.3485258221626282 234 259 242 268
patient0083_0314 0 0.3173485994338989 232 259 242 268
patient0084_0142 0 0.7204716205596924 179 228 197 250
patient0084_0143 0 0.7757103443145752 179 225 198 251
patient0084_0144 0 0.7930026650428772 177 222 199 253
patient0084_0144 0 0.3281814455986023 238 220 274 275
patient0084_0145 0 0.7723749279975891 176 221 200 254
patient0084_0146 0 0.7965996861457825 175 220 200 255
patient0084_0147 0 0.8206121325492859 175 219 201 256
patient0084_0148 0 0.8141751885414124 175 218 201 258
patient0084_0149 0 0.8155016303062439 174 216 201 258
patient0084_0150 0 0.811806321144104 174 216 202 259
patient0084_0151 0 0.807238757610321 173 216 202 259
patient0084_0152 0 0.8094369769096375 172 215 202 259
patient0084_0153 0 0.8194480538368225 172 214 202 260
patient0084_0154 0 0.8152419328689575 171 213 203 260
patient0084_0155 0 0.800007164478302 171 213 203 261
patient0084_0156 0 0.7881115674972534 169 211 205 262
patient0084_0157 0 0.7508115768432617 169 204 205 262
patient0084_0158 0 0.7710802555084229 170 207 215 263
patient0084_0159 0 0.8078736662864685 168 204 217 263
patient0084_0160 0 0.8247581720352173 166 204 219 264
patient0084_0161 0 0.8360409140586853 165 205 220 265
patient0084_0162 0 0.8417342305183411 164 204 221 265
patient0084_0163 0 0.8396409749984741 164 204 221 265
patient0084_0164 0 0.8423990607261658 163 207 222 265
patient0084_0165 0 0.8434168696403503 163 207 223 266
patient0084_0166 0 0.8537291884422302 161 207 223 265
patient0084_0167 0 0.8479679822921753 161 208 224 266
patient0084_0168 0 0.8402062058448792 161 208 224 266
patient0084_0169 0 0.8233175277709961 161 208 224 266
patient0084_0170 0 0.8032182455062866 167 209 225 266
patient0084_0171 0 0.7749751210212708 185 210 229 266
patient0084_0172 0 0.7851358652114868 186 211 231 266
patient0084_0173 0 0.7755497097969055 186 211 232 265
patient0084_0174 0 0.7765357494354248 186 211 234 265
patient0084_0175 0 0.792731761932373 185 211 234 267
patient0084_0176 0 0.7521933317184448 184 212 234 268
patient0084_0177 0 0.6480294466018677 201 212 234 246
patient0084_0177 0 0.5072833895683289 183 212 234 267
patient0084_0178 0 0.7711341977119446 201 211 232 243
patient0084_0179 0 0.6431150436401367 202 212 232 241
patient0084_0180 0 0.4294499456882477 201 212 229 238
patient0084_0181 0 0.6547417044639587 200 212 229 237
patient0084_0182 0 0.7003394961357117 199 210 228 235
patient0084_0183 0 0.7221970558166504 199 209 228 235
patient0084_0184 0 0.7380111217498779 199 209 228 234
patient0084_0185 0 0.7344176769256592 200 209 228 233
patient0084_0186 0 0.7400162220001221 200 210 227 233
patient0084_0187 0 0.7248721718788147 200 210 227 232
patient0084_0188 0 0.7416654229164124 200 211 227 231
patient0084_0189 0 0.7200616002082825 200 212 227 230
patient0084_0190 0 0.6755207180976868 201 211 225 230
patient0084_0191 0 0.6233856081962585 200 209 224 229
patient0084_0192 0 0.6375259160995483 199 210 222 229
patient0084_0193 0 0.6133440136909485 199 211 222 228
patient0084_0194 0 0.5812060832977295 200 213 220 227
patient0084_0195 0 0.5444551110267639 206 213 219 226
patient0084_0196 0 0.5593730211257935 205 211 218 225
patient0084_0197 0 0.5458791851997375 202 212 217 225
patient0084_0198 0 0.5841293931007385 200 213 216 225
patient0084_0199 0 0.5826466679573059 201 213 215 225
patient0084_0200 0 0.5812509059906006 202 213 215 224
patient0084_0201 0 0.531699001789093 201 213 213 224
patient0085_0078 0 0.355503648519516 332 102 374 130
patient0085_0216 0 0.4911896884441376 192 279 207 301
patient0085_0217 0 0.688925564289093 192 282 207 302
patient0085_0218 0 0.779473066329956 191 282 208 304
patient0085_0219 0 0.8035780787467957 191 280 209 304
patient0085_0220 0 0.8049187660217285 190 279 209 305
patient0085_0221 0 0.8077454566955566 189 278 211 306
patient0085_0222 0 0.8121995329856873 189 277 211 307
patient0085_0223 0 0.8128728270530701 189 275 211 307
patient0085_0224 0 0.8157854676246643 188 257 229 307
patient0085_0224 0 0.27846559882164 188 275 212 307
patient0085_0225 0 0.8289344906806946 187 258 231 308
patient0085_0226 0 0.8475381731987 186 258 233 308
patient0085_0227 0 0.8558634519577026 186 258 234 309
patient0085_0228 0 0.8576947450637817 185 258 235 309
patient0085_0229 0 0.8616611361503601 185 258 235 309
patient0085_0230 0 0.8728370070457458 184 257 236 310
patient0085_0231 0 0.8781284093856812 183 257 236 310
patient0085_0232 0 0.8760340809822083 181 256 237 310
patient0085_0233 0 0.8743888139724731 179 257 237 310
patient0085_0234 0 0.8754041194915771 179 257 237 310
patient0085_0235 0 0.8780996203422546 179 257 237 310
patient0085_0236 0 0.8820617198944092 178 256 237 311
patient0085_0237 0 0.8860571384429932 178 257 237 310
patient0085_0238 0 0.8851256966590881 178 257 237 310
patient0085_0239 0 0.8874934911727905 178 256 238 311
patient0085_0240 0 0.8928524851799011 177 256 238 311
patient0085_0241 0 0.897170901298523 176 256 238 311
patient0085_0242 0 0.8949916362762451 176 256 238 311
patient0085_0243 0 0.8877444267272949 176 256 238 311
patient0085_0244 0 0.8809260129928589 175 256 238 311
patient0085_0245 0 0.8840404748916626 175 256 238 312
patient0085_0246 0 0.8895773887634277 174 256 238 312
patient0085_0247 0 0.8428967595100403 173 258 238 312
patient0085_0248 0 0.8165380954742432 198 258 237 312
patient0085_0249 0 0.8213189244270325 199 258 237 311
patient0085_0250 0 0.8249645829200745 199 259 238 311
patient0085_0251 0 0.8226351737976074 201 260 237 312
patient0085_0252 0 0.8245417475700378 203 260 237 312
patient0085_0253 0 0.7980337142944336 205 259 238 312
patient0085_0254 0 0.7820957899093628 206 258 239 312
patient0085_0255 0 0.7804315090179443 207 258 239 313
patient0085_0256 0 0.7783983945846558 208 257 240 313
patient0085_0257 0 0.7976214289665222 209 256 242 313
patient0085_0258 0 0.8113407492637634 209 256 245 313
patient0085_0259 0 0.8115717768669128 209 256 246 313
patient0085_0260 0 0.8096960186958313 210 255 248 313
patient0085_0261 0 0.8089361190795898 210 256 247 313
patient0085_0262 0 0.8310568332672119 210 257 246 313
patient0085_0263 0 0.8309822678565979 210 257 246 312
patient0085_0264 0 0.8332182168960571 210 256 246 312
patient0085_0265 0 0.8378458619117737 210 256 246 312
patient0085_0266 0 0.8445667028427124 209 255 246 312
patient0085_0267 0 0.8432617783546448 209 255 245 313
patient0085_0268 0 0.8370718359947205 208 255 245 314
patient0085_0269 0 0.8196851015090942 208 255 245 314
patient0085_0270 0 0.8170354962348938 207 254 244 313
patient0085_0271 0 0.8122197389602661 207 254 243 314
patient0085_0272 0 0.7963941693305969 207 255 242 313
patient0085_0273 0 0.7841992974281311 206 255 242 313
patient0085_0274 0 0.7687645554542542 205 255 242 313
patient0085_0275 0 0.7222946286201477 204 254 241 314
patient0085_0276 0 0.7030266523361206 204 254 240 314
patient0085_0277 0 0.6870877146720886 204 255 238 314
patient0085_0278 0 0.727561354637146 203 254 238 313
patient0085_0279 0 0.7324167490005493 203 254 238 313
patient0085_0280 0 0.7181093096733093 203 255 237 312
patient0085_0281 0 0.7006778717041016 202 256 237 311
patient0085_0281 0 0.3223230540752411 225 253 236 267
patient0085_0282 0 0.6522050499916077 202 257 236 311
patient0085_0282 0 0.46556639671325684 225 254 235 266
patient0085_0283 0 0.5868526101112366 201 257 236 311
patient0085_0283 0 0.499309778213501 225 255 235 266
patient0085_0284 0 0.5545119047164917 224 255 234 266
patient0085_0284 0 0.41539737582206726 201 257 236 311
patient0085_0285 0 0.5899161696434021 223 254 234 266
patient0085_0286 0 0.5878775119781494 223 253 233 266
patient0085_0287 0 0.5781288743019104 222 254 233 266
patient0085_0288 0 0.5830471515655518 222 254 232 265
patient0085_0289 0 0.5743509531021118 222 254 231 265
patient0085_0290 0 0.5496434569358826 221 254 230 265
patient0085_0291 0 0.45544320344924927 220 254 229 265
patient0085_0292 0 0.38088124990463257 219 253 229 265
patient0085_0293 0 0.37475764751434326 218 253 229 265
patient0085_0294 0 0.3299466371536255 216 253 228 265
patient0085_0295 0 0.2836979627609253 215 252 226 264
patient0086_0029 0 0.5350695848464966 363 158 415 240
patient0086_0123 0 0.39780107140541077 256 333 276 351
patient0086_0125 0 0.2530563771724701 257 333 270 349
patient0086_0133 0 0.38639095425605774 296 129 320 149
patient0086_0134 0 0.4491425156593323 296 129 319 149
patient0086_0135 0 0.2787071168422699 304 135 319 150
patient0086_0143 0 0.2559795677661896 119 188 148 217
patient0086_0167 0 0.340099573135376 239 299 336 395
patient0086_0178 0 0.63631272315979 227 277 246 301
patient0086_0179 0 0.7163699865341187 230 275 248 304
patient0086_0180 0 0.6495317220687866 227 272 249 306
patient0086_0181 0 0.7836742997169495 227 268 250 307
patient0086_0182 0 0.7770444750785828 226 266 250 308
patient0086_0183 0 0.7424216866493225 224 264 252 309
patient0086_0184 0 0.7637629508972168 223 263 252 309
patient0086_0185 0 0.7909008860588074 224 262 253 309
patient0086_0186 0 0.7654110789299011 222 260 255 310
patient0086_0187 0 0.7940826416015625 220 260 255 310
patient0086_0188 0 0.7976517677307129 219 260 256 310
patient0086_0189 0 0.8099586367607117 219 259 257 311
patient0086_0190 0 0.820174515247345 217 259 258 312
patient0086_0191 0 0.8143174648284912 216 257 259 312
patient0086_0192 0 0.8313382863998413 216 257 261 312
patient0086_0193 0 0.8402093648910522 215 247 269 314
patient0086_0194 0 0.8305249810218811 215 250 270 314
patient0086_0195 0 0.8291383385658264 215 253 273 315
patient0086_0196 0 0.8362369537353516 214 251 274 316
patient0086_0197 0 0.8409336805343628 214 248 275 317
patient0086_0198 0 0.8617582321166992 213 251 276 317
patient0086_0199 0 0.8777675032615662 212 252 277 317
patient0086_0200 0 0.873557984828949 212 253 278 317
patient0086_0201 0 0.8883899450302124 211 254 279 317
patient0086_0202 0 0.9007150530815125 211 253 280 317
patient0086_0203 0 0.8899453282356262 210 253 281 317
patient0086_0203 0 0.3178173303604126 318 211 353 235
patient0086_0204 0 0.8807644844055176 210 253 281 318
patient0086_0205 0 0.8656315803527832 209 254 283 318
patient0086_0206 0 0.7251585125923157 227 260 285 318
patient0086_0207 0 0.8071105480194092 238 261 287 319
patient0086_0208 0 0.8329223394393921 239 261 290 318
patient0086_0209 0 0.852452278137207 236 262 292 319
patient0086_0210 0 0.8421614170074463 236 263 293 320
patient0086_0211 0 0.8418804407119751 234 263 293 320
patient0086_0212 0 0.8487948179244995 235 263 294 320
patient0086_0213 0 0.7377936840057373 259 263 294 302
patient0086_0213 0 0.3829907178878784 233 263 294 321
patient0086_0214 0 0.7191354036331177 261 264 294 300
patient0086_0214 0 0.5759307146072388 233 264 293 321
patient0086_0215 0 0.7402482628822327 258 264 293 294
patient0086_0216 0 0.7414448261260986 257 264 291 290
patient0086_0217 0 0.7111841440200806 259 262 289 288
patient0086_0218 0 0.7171730399131775 260 261 289 287
patient0086_0219 0 0.718041718006134 257 262 288 286
patient0086_0220 0 0.6766324043273926 259 263 288 286
patient0086_0221 0 0.5428646802902222 272 263 288 285
patient0086_0222 0 0.38016435503959656 273 267 288 285
patient0086_0223 0 0.611225426197052 272 261 287 284
patient0086_0224 0 0.5501030087471008 272 259 286 283
patient0086_0225 0 0.5212026834487915 272 259 286 282
patient0086_0226 0 0.5663513541221619 270 260 285 281
patient0086_0227 0 0.5625489354133606 269 261 285 281
patient0086_0228 0 0.5234436988830566 269 262 283 281
patient0086_0229 0 0.5903279185295105 269 262 282 280
patient0086_0230 0 0.6098940372467041 270 261 282 279
patient0086_0231 0 0.6252642869949341 270 261 281 279
patient0086_0232 0 0.5817410349845886 270 262 280 278
patient0086_0233 0 0.5820001363754272 263 265 276 276
patient0086_0234 0 0.6020668148994446 264 265 276 276
patient0086_0235 0 0.5876711010932922 263 264 274 275
patient0086_0236 0 0.5530484318733215 262 264 273 275
patient0086_0237 0 0.5959089398384094 261 264 272 275
patient0086_0238 0 0.5751534700393677 260 265 271 275
patient0086_0239 0 0.545839250087738 258 263 270 276
patient0086_0240 0 0.5160667300224304 256 264 268 277
patient0086_0241 0 0.5206172466278076 254 265 266 278
patient0086_0242 0 0.378755122423172 253 265 265 277
patient0086_0248 0 0.3957850933074951 248 266 263 283
patient0086_0250 0 0.3051231801509857 226 268 262 323
patient0086_0251 0 0.4389505386352539 228 268 260 314
patient0086_0254 0 0.3460935354232788 211 287 258 328
patient0086_0300 0 0.26742199063301086 62 306 82 326
patient0087_0016 0 0.7494924664497375 301 444 330 476
patient0087_0017 0 0.6924527287483215 302 445 331 476
patient0087_0018 0 0.6715454459190369 301 443 331 476
patient0087_0020 0 0.36769357323646545 301 443 326 474
patient0087_0020 0 0.3251272439956665 348 47 385 71
patient0087_0032 0 0.4466803967952728 263 105 280 127
patient0087_0046 0 0.30254942178726196 285 35 321 71
patient0087_0153 0 0.30296212434768677 252 210 294 260
patient0087_0155 0 0.34502512216567993 186 225 209 256
patient0087_0157 0 0.3407561480998993 183 220 210 257
patient0087_0158 0 0.7254796624183655 179 222 209 255
patient0087_0159 0 0.7497323155403137 178 218 208 255
patient0087_0160 0 0.754581868648529 178 216 208 255
patient0087_0161 0 0.787156343460083 177 215 206 256
patient0087_0162 0 0.7940620183944702 176 215 212 258
patient0087_0163 0 0.7743861675262451 176 214 206 257
patient0087_0164 0 0.7810649871826172 175 212 210 257
patient0087_0165 0 0.7857304811477661 174 211 209 258
patient0087_0166 0 0.7848554253578186 174 209 211 258
patient0087_0167 0 0.8243998289108276 171 193 225 259
patient0087_0168 0 0.871608555316925 171 192 226 258
patient0087_0169 0 0.8824520111083984 171 192 227 259
patient0087_0170 0 0.8871889114379883 171 191 228 259
patient0087_0171 0 0.8875073790550232 170 192 228 259
patient0087_0172 0 0.8690288066864014 168 192 229 259
patient0087_0173 0 0.8555397987365723 167 192 229 259
patient0087_0174 0 0.8478006720542908 166 192 229 260
patient0087_0175 0 0.8566592931747437 166 192 230 259
patient0087_0176 0 0.8575458526611328 165 192 231 259
patient0087_0177 0 0.8578397035598755 164 192 230 260
patient0087_0178 0 0.8724964261054993 163 192 230 260
patient0087_0179 0 0.8647289872169495 162 191 232 259
patient0087_0180 0 0.8635692596435547 162 190 233 259
patient0087_0181 0 0.8762893080711365 162 191 232 259
patient0087_0182 0 0.8773103952407837 162 192 230 259
patient0087_0183 0 0.8811128735542297 161 192 230 259
patient0087_0184 0 0.864597737789154 161 192 232 259
patient0087_0185 0 0.7635380029678345 162 192 233 259
patient0087_0186 0 0.7593827247619629 195 192 233 259
patient0087_0187 0 0.7747339010238647 199 191 236 259
patient0087_0188 0 0.8040050268173218 198 192 238 258
patient0087_0189 0 0.8029926419258118 197 190 241 259
patient0087_0190 0 0.8206291794776917 198 192 242 259
patient0087_0191 0 0.8158528804779053 197 192 242 259
patient0087_0192 0 0.8202534317970276 197 191 243 259
patient0087_0193 0 0.8187189102172852 196 190 244 259
patient0087_0194 0 0.8362698554992676 196 191 247 258
patient0087_0195 0 0.8410636186599731 196 191 244 259
patient0087_0196 0 0.8266775012016296 195 191 244 259
patient0087_0197 0 0.6924857497215271 195 190 243 259
patient0087_0198 0 0.31260624527931213 212 191 241 227
patient0087_0198 0 0.252781480550766 192 191 241 258
patient0087_0200 0 0.33311137557029724 210 191 241 222
patient0087_0201 0 0.6624544858932495 211 189 240 219
patient0087_0202 0 0.6768723130226135 212 196 238 217
patient0087_0203 0 0.6106013059616089 211 197 236 216
patient0087_0204 0 0.5490997433662415 212 196 235 215
patient0087_0205 0 0.5838478803634644 211 197 234 214
patient0087_0206 0 0.6526791453361511 213 197 233 213
patient0087_0207 0 0.5803926587104797 212 197 231 212
patient0087_0208 0 0.5229043364524841 212 197 230 211
patient0087_0209 0 0.5153855681419373 214 199 229 210
patient0087_0210 0 0.5372602343559265 214 200 228 210
patient0087_0211 0 0.5469040274620056 214 199 227 210
patient0087_0212 0 0.5319370031356812 214 199 226 210
patient0087_0213 0 0.48554036021232605 214 199 224 210
patient0087_0214 0 0.4502396583557129 213 199 223 210
patient0087_0215 0 0.36490288376808167 212 199 223 210
patient0088_0001 0 0.3515551686286926 306 434 335 468
patient0088_0003 0 0.2603975534439087 302 427 333 465
patient0088_0004 0 0.3886411488056183 302 427 335 467
patient0088_0005 0 0.6809370517730713 303 426 339 471
patient0088_0009 0 0.25464707612991333 305 422 340 464
patient0088_0010 0 0.40030330419540405 308 421 340 464
patient0088_0013 0 0.47118571400642395 311 419 334 449
patient0088_0031 0 0.26587384939193726 261 318 288 355
patient0088_0047 0 0.32334887981414795 307 352 332 365
patient0088_0060 0 0.27408546209335327 335 315 365 339
patient0088_0140 0 0.2596077024936676 169 327 210 378
patient0088_0160 0 0.7304243445396423 189 299 204 321
patient0088_0161 0 0.7952197194099426 188 295 208 323
patient0088_0162 0 0.7498731017112732 186 292 208 324
patient0088_0163 0 0.7846458554267883 186 289 210 326
patient0088_0164 0 0.769070565700531 184 286 212 326
patient0088_0165 0 0.8233551979064941 181 284 212 327
patient0088_0166 0 0.8388175368309021 180 284 213 328
patient0088_0167 0 0.8284854292869568 180 282 215 328
patient0088_0168 0 0.7825024724006653 179 279 216 329
patient0088_0169 0 0.7761147022247314 180 279 217 329
patient0088_0170 0 0.8069553375244141 180 277 219 329
patient0088_0171 0 0.8244536519050598 179 271 229 331
patient0088_0172 0 0.8081686496734619 180 267 232 330
patient0088_0173 0 0.8452560901641846 178 266 234 330
patient0088_0174 0 0.8700569272041321 176 266 238 330
patient0088_0175 0 0.8848954439163208 175 266 241 330
patient0088_0176 0 0.8861852884292603 173 267 242 331
patient0088_0177 0 0.8840282559394836 172 267 243 331
patient0088_0178 0 0.896327793598175 172 267 243 331
patient0088_0179 0 0.9099443554878235 171 267 242 332
patient0088_0180 0 0.901323676109314 170 266 242 333
patient0088_0181 0 0.9039256572723389 170 265 242 333
patient0088_0182 0 0.9157506823539734 170 266 242 333
patient0088_0183 0 0.9028764367103577 170 267 242 334
patient0088_0184 0 0.811941921710968 182 271 244 334
patient0088_0185 0 0.8465704917907715 188 273 244 335
patient0088_0186 0 0.8406715989112854 191 272 245 335
patient0088_0187 0 0.7968642115592957 192 272 245 335
patient0088_0188 0 0.8148618936538696 204 273 244 334
patient0088_0189 0 0.8287448287010193 203 273 244 334
patient0088_0190 0 0.8261235356330872 204 273 245 334
patient0088_0191 0 0.8279747366905212 203 273 245 334
patient0088_0192 0 0.8472705483436584 202 272 247 334
patient0088_0193 0 0.8574402332305908 201 272 249 333
patient0088_0194 0 0.8424109816551208 200 271 250 333
patient0088_0195 0 0.8372811079025269 199 271 250 334
patient0088_0196 0 0.8189265131950378 199 271 250 333
patient0088_0197 0 0.8051385879516602 199 270 249 333
patient0088_0198 0 0.6273936629295349 197 268 247 334
patient0088_0199 0 0.3968859910964966 221 267 246 295
patient0088_0199 0 0.28330886363983154 196 267 247 334
patient0088_0200 0 0.36252105236053467 196 267 247 334
patient0088_0200 0 0.26643890142440796 231 266 246 293
patient0088_0201 0 0.5313373804092407 230 267 247 294
patient0088_0202 0 0.5560365915298462 230 267 247 292
patient0088_0203 0 0.5780825614929199 230 267 245 289
patient0088_0204 0 0.660796582698822 229 266 245 289
patient0088_0205 0 0.6705379486083984 226 268 245 289
patient0088_0206 0 0.6828687191009521 224 268 244 288
patient0088_0207 0 0.6182660460472107 223 268 242 287
patient0088_0208 0 0.6540858149528503 221 268 242 286
patient0088_0209 0 0.6705071926116943 220 268 241 285
patient0088_0210 0 0.6655829548835754 223 268 239 283
patient0088_0211 0 0.6232694387435913 224 266 238 282
patient0088_0212 0 0.6362122893333435 222 265 237 282
patient0088_0213 0 0.5989689230918884 221 267 235 281
patient0088_0214 0 0.5868158936500549 221 266 234 281
patient0088_0215 0 0.588645339012146 220 266 232 281
patient0088_0216 0 0.5805392265319824 218 268 230 280
patient0088_0217 0 0.5986284613609314 218 268 229 280
patient0088_0218 0 0.6314731240272522 218 268 229 280
patient0088_0219 0 0.658237099647522 216 269 229 281
patient0088_0220 0 0.6283782124519348 215 269 227 281
patient0088_0221 0 0.619655191898346 216 271 226 281
patient0088_0222 0 0.6394217014312744 215 271 225 282
patient0088_0223 0 0.6219989061355591 214 271 225 284
patient0088_0224 0 0.6123397946357727 214 274 225 285
patient0088_0225 0 0.5148831605911255 214 275 224 286
patient0089_0018 0 0.3538421392440796 206 199 237 228
patient0089_0039 0 0.26208677887916565 416 250 435 278
patient0089_0040 0 0.26769784092903137 416 250 435 278
patient0089_0045 0 0.4537002742290497 47 254 67 269
patient0089_0054 0 0.3600873649120331 308 415 350 473
patient0089_0074 0 0.2841567099094391 267 313 285 332
patient0089_0075 0 0.27613165974617004 268 312 287 334
patient0089_0076 0 0.255858451128006 267 310 287 333
patient0089_0090 0 0.45351284742355347 60 68 75 88
patient0089_0138 0 0.6133930683135986 166 219 214 275
patient0089_0167 0 0.2684858441352844 230 314 271 360
patient0089_0168 0 0.48386669158935547 230 313 281 360
patient0089_0169 0 0.3001924455165863 229 312 276 361
patient0089_0176 0 0.6413615942001343 200 289 232 315
patient0089_0177 0 0.6914969086647034 202 288 232 315
patient0089_0178 0 0.6475479602813721 205 289 232 316
patient0089_0179 0 0.7621850371360779 201 282 232 318
patient0089_0180 0 0.799531877040863 202 280 232 317
patient0089_0181 0 0.8096211552619934 202 279 231 317
patient0089_0182 0 0.7999392747879028 202 277 230 318
patient0089_0183 0 0.7887787222862244 202 275 230 320
patient0089_0184 0 0.7952921986579895 202 273 231 320
patient0089_0185 0 0.8135993480682373 201 272 230 321
patient0089_0186 0 0.816716194152832 199 270 230 322
patient0089_0187 0 0.7413396239280701 196 268 231 322
patient0089_0188 0 0.7883288264274597 197 260 234 322
patient0089_0189 0 0.7681990265846252 196 258 236 322
patient0089_0190 0 0.7813980579376221 196 256 238 322
patient0089_0191 0 0.807487964630127 192 253 242 323
patient0089_0192 0 0.8524565696716309 190 253 248 323
patient0089_0193 0 0.8882094621658325 188 253 250 323
patient0089_0194 0 0.8931966423988342 187 253 250 324
patient0089_0195 0 0.900975227355957 185 254 252 324
patient0089_0196 0 0.8986589908599854 184 256 253 324
patient0089_0197 0 0.878702700138092 185 257 254 324
patient0089_0198 0 0.8232227563858032 188 258 254 326
patient0089_0199 0 0.8531726598739624 195 263 255 325
patient0089_0200 0 0.8401798605918884 196 265 255 327
patient0089_0201 0 0.8562090396881104 199 264 256 327
patient0089_0202 0 0.8513805270195007 201 264 257 326
patient0089_0203 0 0.8320984244346619 204 264 258 326
patient0089_0204 0 0.8258611559867859 205 264 258 326
patient0089_0205 0 0.8163514733314514 207 265 258 326
patient0089_0206 0 0.8104721307754517 211 267 259 326
patient0089_0207 0 0.8101462721824646 211 267 259 325
patient0089_0208 0 0.7985495328903198 213 267 259 326
patient0089_0209 0 0.8033290505409241 216 267 259 326
patient0089_0210 0 0.8050302863121033 215 267 259 327
patient0089_0211 0 0.8159035444259644 214 267 259 327
patient0089_0212 0 0.8174028396606445 213 267 257 327
patient0089_0213 0 0.822502613067627 212 267 256 327
patient0089_0214 0 0.8201968669891357 211 267 256 328
patient0089_0215 0 0.8204584717750549 209 266 258 328
patient0089_0216 0 0.8491734862327576 209 265 257 328
patient0089_0217 0 0.854669451713562 207 266 257 328
patient0089_0218 0 0.8555916547775269 206 265 257 328
patient0089_0219 0 0.8480046391487122 205 264 258 327
patient0089_0220 0 0.8294338583946228 201 264 260 327
patient0089_0221 0 0.7107700705528259 226 263 260 319
patient0089_0222 0 0.6346534490585327 226 263 263 320
patient0089_0223 0 0.7267543077468872 226 262 260 302
patient0089_0224 0 0.7277228832244873 227 262 260 296
patient0089_0225 0 0.7076521515846252 227 262 256 288
patient0089_0226 0 0.7345762252807617 227 261 257 286
patient0089_0227 0 0.7409240007400513 229 258 257 283
patient0089_0228 0 0.6897696256637573 229 258 256 282
patient0089_0229 0 0.7279059290885925 230 257 256 281
patient0089_0230 0 0.7123845815658569 230 258 256 279
patient0089_0231 0 0.5351051092147827 234 258 254 277
patient0089_0232 0 0.5027592182159424 239 258 253 275
patient0089_0233 0 0.4946877360343933 237 257 250 273
patient0089_0234 0 0.5441478490829468 236 256 249 271
patient0089_0235 0 0.5922696590423584 231 256 248 270
patient0089_0236 0 0.5821866989135742 231 257 247 270
patient0089_0237 0 0.6042279005050659 231 258 244 269
patient0089_0238 0 0.6071025729179382 229 257 242 269
patient0089_0239 0 0.6192188262939453 229 257 242 268
patient0089_0240 0 0.5898870825767517 229 256 242 268
patient0089_0241 0 0.6593717336654663 227 253 242 269
patient0089_0242 0 0.6765190958976746 227 255 242 269
patient0090_0109 0 0.351213276386261 141 173 164 199
patient0090_0117 0 0.5014972686767578 140 160 158 186
patient0090_0118 0 0.5934581160545349 140 161 159 185
patient0090_0119 0 0.40243932604789734 140 159 159 185
patient0090_0126 0 0.40700724720954895 140 152 159 178
patient0090_0128 0 0.36663657426834106 139 149 158 177
patient0090_0133 0 0.3452846109867096 268 306 293 327
patient0090_0134 0 0.35547178983688354 270 307 293 328
patient0090_0170 0 0.5841819643974304 217 210 235 241
patient0090_0171 0 0.7230047583580017 215 208 236 241
patient0090_0172 0 0.7042747139930725 216 204 237 242
patient0090_0173 0 0.39763641357421875 214 203 240 245
patient0090_0174 0 0.5097548365592957 214 201 240 245
patient0090_0175 0 0.7625425457954407 212 199 243 247
patient0090_0176 0 0.7612683176994324 212 197 244 249
patient0090_0177 0 0.7778618931770325 211 186 267 250
patient0090_0178 0 0.7831076383590698 211 181 272 251
patient0090_0179 0 0.8244137763977051 209 180 273 252
patient0090_0180 0 0.8442884087562561 208 180 275 253
patient0090_0181 0 0.7961786389350891 208 182 275 254
patient0090_0182 0 0.7778444290161133 209 183 274 255
patient0090_0183 0 0.7319621443748474 210 183 275 256
patient0090_0184 0 0.8196501731872559 207 183 276 255
patient0090_0185 0 0.8521729111671448 205 182 275 255
patient0090_0186 0 0.8616257905960083 204 182 275 255
patient0090_0187 0 0.8526148200035095 202 181 276 255
patient0090_0188 0 0.8744653463363647 203 181 277 255
patient0090_0189 0 0.8668060302734375 203 180 277 255
patient0090_0190 0 0.872226893901825 203 180 277 255
patient0090_0191 0 0.8764093518257141 203 181 277 256
patient0090_0192 0 0.8581310510635376 203 182 277 256
patient0090_0193 0 0.8390228748321533 203 183 278 255
patient0090_0194 0 0.835723340511322 202 182 280 254
patient0090_0195 0 0.8178889155387878 202 182 281 255
patient0090_0196 0 0.7929521799087524 202 182 281 254
patient0090_0197 0 0.7588333487510681 238 183 283 255
patient0090_0198 0 0.7783398032188416 239 183 285 255
patient0090_0199 0 0.7674270868301392 236 183 286 254
patient0090_0200 0 0.798554539680481 237 183 286 254
patient0090_0201 0 0.7916330099105835 236 183 289 254
patient0090_0202 0 0.7628852128982544 234 182 286 254
patient0090_0203 0 0.7686057686805725 234 182 289 254
patient0090_0204 0 0.756130039691925 233 183 290 253
patient0090_0205 0 0.7316437363624573 232 183 290 253
patient0090_0206 0 0.6732267141342163 230 181 291 253
patient0090_0210 0 0.5589118003845215 268 181 286 208
patient0090_0211 0 0.4666305482387543 268 180 285 205
patient0090_0212 0 0.5281412601470947 267 180 283 203
patient0090_0213 0 0.5790124535560608 267 181 283 204
patient0090_0214 0 0.46045854687690735 265 182 281 203
patient0090_0215 0 0.5408464074134827 265 182 279 200
patient0090_0216 0 0.6229782700538635 265 181 279 199
patient0090_0217 0 0.3837858736515045 265 181 278 199
patient0090_0219 0 0.30504393577575684 259 181 278 199
patient0090_0222 0 0.5712521076202393 257 182 272 198
patient0091_0010 0 0.3004838228225708 108 233 122 252
patient0091_0011 0 0.518761157989502 107 234 123 252
patient0091_0012 0 0.40689927339553833 105 233 122 254
patient0091_0018 0 0.48797884583473206 394 319 420 352
patient0091_0019 0 0.7272534370422363 395 318 421 353
patient0091_0020 0 0.6002830862998962 396 315 422 353
patient0091_0029 0 0.5663678050041199 415 320 434 353
patient0091_0030 0 0.5192299485206604 416 322 435 363
patient0091_0031 0 0.39436084032058716 415 323 435 364
patient0091_0052 0 0.38760000467300415 190 66 207 82
patient0091_0053 0 0.5096151828765869 190 66 205 82
patient0091_0054 0 0.38410890102386475 190 67 204 83
patient0091_0055 0 0.25180739164352417 190 69 204 83
patient0091_0190 0 0.2807338237762451 215 261 249 295
patient0091_0191 0 0.356309175491333 214 259 247 279
patient0091_0191 0 0.33067381381988525 232 263 248 277
patient0091_0192 0 0.48251771926879883 231 260 248 277
patient0091_0193 0 0.5265374779701233 230 259 247 280
patient0091_0193 0 0.29313722252845764 210 257 248 292
patient0091_0194 0 0.5638578534126282 229 260 246 280
patient0091_0194 0 0.4171402156352997 212 258 247 292
patient0091_0195 0 0.6932340860366821 226 259 247 281
patient0091_0196 0 0.8112071752548218 225 257 250 282
patient0091_0197 0 0.8072699308395386 224 254 253 284
patient0091_0198 0 0.7951269745826721 223 254 253 284
patient0091_0199 0 0.7768527865409851 222 255 251 285
patient0091_0200 0 0.7778319716453552 221 253 253 286
patient0091_0201 0 0.772890567779541 220 253 254 287
patient0091_0202 0 0.7583446502685547 219 252 252 287
patient0091_0203 0 0.7735459804534912 219 251 253 287
patient0091_0204 0 0.7864729762077332 218 249 253 287
patient0091_0205 0 0.7667826414108276 217 249 253 287
patient0091_0206 0 0.5443359017372131 216 245 251 288
patient0091_0207 0 0.7644444108009338 215 237 250 289
patient0091_0208 0 0.5725972652435303 214 235 250 289
patient0091_0209 0 0.693827211856842 213 238 252 290
patient0091_0210 0 0.5682665109634399 212 239 254 290
patient0091_0211 0 0.7474583387374878 211 238 255 291
patient0091_0212 0 0.8014099597930908 210 235 258 290
patient0091_0213 0 0.8101810216903687 209 234 261 291
patient0091_0214 0 0.8180164098739624 209 237 264 290
patient0091_0215 0 0.6310220956802368 232 238 265 290
patient0091_0216 0 0.7629429697990417 232 237 265 290
patient0091_0217 0 0.753779411315918 232 235 265 290
patient0091_0218 0 0.7351821660995483 230 236 267 290
patient0091_0219 0 0.7738468050956726 232 239 266 291
patient0091_0220 0 0.7685970664024353 233 239 265 291
patient0091_0221 0 0.7691636085510254 233 238 266 291
patient0091_0222 0 0.790549099445343 233 238 266 291
patient0091_0223 0 0.7764734625816345 232 238 267 291
patient0091_0224 0 0.768200695514679 234 238 266 291
patient0091_0225 0 0.7858054637908936 234 238 265 291
patient0091_0226 0 0.7867452502250671 234 238 265 291
patient0091_0227 0 0.7971461415290833 235 238 266 292
patient0091_0228 0 0.7972180843353271 236 238 265 291
patient0091_0229 0 0.7955259680747986 236 238 265 291
patient0091_0230 0 0.7916485667228699 235 238 265 291
patient0091_0231 0 0.7761294841766357 233 236 265 292
patient0091_0232 0 0.7777924537658691 232 234 265 293
patient0091_0233 0 0.7584670782089233 232 232 266 293
patient0091_0234 0 0.7581586837768555 233 234 265 292
patient0091_0235 0 0.7733174562454224 234 235 267 292
patient0091_0236 0 0.7829494476318359 234 234 268 292
patient0091_0237 0 0.7823171019554138 234 233 267 292
patient0091_0238 0 0.7601946592330933 234 233 268 292
patient0091_0239 0 0.43571099638938904 233 233 271 292
patient0091_0240 0 0.43597912788391113 248 232 269 256
patient0091_0242 0 0.33872345089912415 250 233 268 254
patient0091_0244 0 0.32667553424835205 251 232 266 253
patient0091_0245 0 0.3878698945045471 251 233 267 253
patient0091_0246 0 0.3502683639526367 251 233 267 253
patient0091_0247 0 0.4115588366985321 249 233 267 253
patient0091_0248 0 0.5797564387321472 247 234 266 252
patient0091_0249 0 0.6274317502975464 247 234 265 251
patient0091_0250 0 0.6236907243728638 247 234 263 249
patient0091_0251 0 0.512019693851471 247 234 261 248
patient0091_0252 0 0.507677435874939 248 235 260 247
patient0091_0253 0 0.5479873418807983 248 236 260 246
patient0091_0254 0 0.5793727040290833 247 235 259 245
patient0091_0255 0 0.548547625541687 246 235 257 245
patient0091_0256 0 0.4797697961330414 245 235 256 245
patient0091_0257 0 0.4442659318447113 245 236 255 245
patient0091_0258 0 0.44751855731010437 244 236 255 245
patient0091_0259 0 0.409066766500473 244 235 254 245
patient0091_0260 0 0.3762076497077942 243 236 253 245
patient0091_0261 0 0.3495281934738159 243 237 253 246
patient0091_0262 0 0.39601296186447144 242 236 253 246
patient0091_0263 0 0.37192514538764954 242 236 253 246
patient0091_0264 0 0.2552664279937744 242 237 253 247
patient0091_0266 0 0.2883843183517456 241 238 253 248
patient0092_0020 0 0.39516428112983704 185 368 204 392
patient0092_0021 0 0.6558614373207092 213 331 246 359
patient0092_0021 0 0.5487672686576843 183 368 203 392
patient0092_0022 0 0.6824609041213989 212 331 243 361
patient0092_0022 0 0.36837029457092285 182 367 205 392
patient0092_0023 0 0.6713836789131165 214 332 244 360
patient0092_0024 0 0.37660229206085205 179 368 203 392
patient0092_0025 0 0.38344061374664307 176 367 203 391
patient0092_0026 0 0.42594167590141296 173 366 203 392
patient0092_0045 0 0.37028586864471436 178 360 204 392
patient0092_0046 0 0.5819521546363831 178 360 207 393
patient0092_0047 0 0.2672041058540344 178 361 206 394
patient0092_0066 0 0.2668873369693756 78 138 94 151
patient0092_0106 0 0.3565822243690491 377 200 405 234
patient0092_0173 0 0.4392116069793701 236 281 290 348
patient0092_0174 0 0.39054086804389954 231 281 290 349
patient0092_0181 0 0.28527432680130005 227 273 308 349
patient0092_0210 0 0.6974702477455139 199 266 215 288
patient0092_0211 0 0.8190940022468567 197 262 216 289
patient0092_0212 0 0.8170937299728394 195 260 217 291
patient0092_0213 0 0.7974231243133545 195 260 218 292
patient0092_0214 0 0.8030932545661926 194 258 219 293
patient0092_0215 0 0.8088511824607849 194 256 220 294
patient0092_0216 0 0.819988489151001 192 253 220 295
patient0092_0217 0 0.8041121959686279 191 252 222 296
patient0092_0218 0 0.8064281344413757 190 251 223 297
patient0092_0219 0 0.8289365768432617 190 238 242 297
patient0092_0220 0 0.8328336477279663 190 236 245 298
patient0092_0221 0 0.8307108879089355 188 236 246 299
patient0092_0222 0 0.8516712188720703 192 237 247 299
patient0092_0223 0 0.8514178395271301 191 237 247 299
patient0092_0224 0 0.8595470190048218 187 237 247 300
patient0092_0225 0 0.8543649315834045 187 238 248 300
patient0092_0226 0 0.8590527772903442 186 239 248 301
patient0092_0227 0 0.8691603541374207 186 238 249 301
patient0092_0228 0 0.8718202114105225 185 239 249 302
patient0092_0229 0 0.8793836832046509 184 239 250 303
patient0092_0230 0 0.8647235631942749 182 239 250 303
patient0092_0231 0 0.7768648266792297 182 239 250 304
patient0092_0232 0 0.794963538646698 209 239 254 303
patient0092_0233 0 0.8152703642845154 208 238 258 303
patient0092_0234 0 0.8179536461830139 207 237 261 305
patient0092_0235 0 0.8418804407119751 207 238 262 304
patient0092_0236 0 0.8574567437171936 206 239 262 304
patient0092_0237 0 0.8526537418365479 206 239 262 303
patient0092_0238 0 0.8454817533493042 205 240 262 302
patient0092_0239 0 0.8264323472976685 205 240 261 302
patient0092_0240 0 0.7881581783294678 204 241 261 302
patient0092_0241 0 0.7022225856781006 224 241 262 285
patient0092_0241 0 0.5282058715820312 203 241 261 303
patient0092_0242 0 0.7540158033370972 225 242 261 283
patient0092_0242 0 0.2653118371963501 201 240 262 302
patient0092_0243 0 0.7066200375556946 226 243 259 280
patient0092_0243 0 0.30222395062446594 200 242 259 302
patient0092_0244 0 0.7461447715759277 226 243 258 277
patient0092_0245 0 0.7646059393882751 227 244 258 275
patient0092_0246 0 0.7763006687164307 227 245 257 275
patient0092_0247 0 0.745673418045044 230 245 256 273
patient0092_0248 0 0.7432448267936707 232 246 256 272
patient0092_0249 0 0.7683212757110596 230 237 256 271
patient0092_0250 0 0.7269480228424072 233 242 255 270
patient0092_0251 0 0.7320966720581055 233 247 254 270
patient0092_0252 0 0.716006875038147 231 240 254 272
patient0092_0253 0 0.6616831421852112 229 237 254 272
patient0092_0254 0 0.5782572627067566 229 245 247 260
patient0092_0255 0 0.6221773624420166 230 246 246 260
patient0092_0256 0 0.6529406309127808 230 245 244 260
patient0092_0257 0 0.6330838203430176 230 245 244 260
patient0092_0258 0 0.5823952555656433 230 246 242 260
patient0092_0259 0 0.6095638275146484 229 248 241 259
patient0092_0260 0 0.6119064092636108 229 247 241 259
patient0092_0261 0 0.5843930244445801 229 246 241 259
patient0092_0262 0 0.5863320231437683 229 246 240 257
patient0092_0263 0 0.5775307416915894 229 246 238 256
patient0092_0264 0 0.5871446132659912 228 245 237 256
patient0092_0265 0 0.6094074845314026 227 245 237 256
patient0092_0266 0 0.6380088329315186 225 244 236 257
patient0093_0007 0 0.3670322895050049 167 97 228 152
patient0093_0008 0 0.4844341576099396 169 93 232 152
patient0093_0021 0 0.6205744743347168 416 185 455 228
patient0093_0021 0 0.2889152765274048 184 97 252 153
patient0093_0022 0 0.4154568910598755 416 188 456 229
patient0093_0026 0 0.5588750839233398 417 189 454 238
patient0093_0030 0 0.2805803418159485 444 246 475 284
patient0093_0033 0 0.45628389716148376 422 206 449 225
patient0093_0034 0 0.5285450220108032 425 207 449 225
patient0093_0206 0 0.33728453516960144 211 274 225 290
patient0093_0209 0 0.7246929407119751 211 275 229 296
patient0093_0210 0 0.781160295009613 210 273 229 298
patient0093_0211 0 0.7883593440055847 208 271 231 300
patient0093_0212 0 0.7825837731361389 207 271 232 301
patient0093_0213 0 0.7838136553764343 206 271 232 302
patient0093_0214 0 0.8042879104614258 206 271 232 303
patient0093_0215 0 0.821210503578186 205 270 233 303
patient0093_0216 0 0.8266175985336304 204 269 233 304
patient0093_0217 0 0.8287932872772217 203 269 234 304
patient0093_0218 0 0.8256248831748962 202 268 234 304
patient0093_0219 0 0.8213367462158203 201 267 235 304
patient0093_0220 0 0.7820014953613281 201 265 236 305
patient0093_0221 0 0.7756121158599854 200 256 237 306
patient0093_0222 0 0.8139810562133789 199 252 240 306
patient0093_0223 0 0.7892806529998779 199 251 243 306
patient0093_0224 0 0.8125442266464233 198 251 245 306
patient0093_0225 0 0.8401703834533691 195 250 247 306
patient0093_0226 0 0.8385409116744995 194 248 247 306
patient0093_0227 0 0.8127567768096924 193 249 248 307
patient0093_0228 0 0.796525776386261 194 250 248 306
patient0093_0229 0 0.8268297910690308 193 250 249 307
patient0093_0230 0 0.856224775314331 193 250 249 308
patient0093_0231 0 0.7877792716026306 193 249 250 308
patient0093_0232 0 0.8157444596290588 192 248 250 308
patient0093_0233 0 0.8004127144813538 191 248 249 308
patient0093_0234 0 0.8196184635162354 207 249 250 308
patient0093_0235 0 0.8262448906898499 207 249 250 308
patient0093_0236 0 0.8039608001708984 208 249 250 308
patient0093_0237 0 0.7326805591583252 214 248 250 309
patient0093_0238 0 0.7916820645332336 221 248 250 308
patient0093_0239 0 0.8377563953399658 221 248 250 308
patient0093_0240 0 0.8512277603149414 220 247 251 308
patient0093_0241 0 0.8532591462135315 220 247 251 309
patient0093_0242 0 0.8378123641014099 220 248 251 308
patient0093_0243 0 0.8196166753768921 220 248 252 308
patient0093_0244 0 0.8086965084075928 219 248 253 308
patient0093_0245 0 0.823813259601593 218 248 258 308
patient0093_0246 0 0.8387566208839417 217 247 262 308
patient0093_0247 0 0.8255132436752319 217 247 262 308
patient0093_0248 0 0.8106797933578491 216 247 263 307
patient0093_0249 0 0.7375146150588989 225 246 263 299
patient0093_0250 0 0.7445518374443054 225 246 263 293
patient0093_0251 0 0.7289019227027893 225 247 264 292
patient0093_0252 0 0.6881549954414368 226 247 263 290
patient0093_0253 0 0.708714485168457 238 246 263 289
patient0093_0254 0 0.7370073199272156 238 246 263 289
patient0093_0255 0 0.7308653593063354 237 247 262 288
patient0093_0256 0 0.7643781304359436 235 247 262 286
patient0093_0257 0 0.7831355929374695 233 247 261 284
patient0093_0258 0 0.7860756516456604 234 247 259 281
patient0093_0259 0 0.7573049664497375 234 247 259 279
patient0093_0260 0 0.7334088087081909 233 248 256 276
patient0093_0261 0 0.6712942123413086 232 248 255 274
patient0093_0262 0 0.7140628695487976 232 249 253 271
patient0093_0263 0 0.7181124091148376 232 250 253 270
patient0093_0264 0 0.6902374029159546 232 251 251 268
patient0093_0265 0 0.6426800489425659 232 252 248 266
patient0093_0266 0 0.6226738095283508 232 252 247 266
patient0093_0267 0 0.5691390633583069 230 253 246 266
patient0093_0268 0 0.5769859552383423 229 253 244 265
patient0093_0269 0 0.6146200895309448 229 253 241 264
patient0093_0270 0 0.6326785087585449 227 254 240 264
patient0093_0271 0 0.407473623752594 226 253 238 264
patient0094_0019 0 0.2866141200065613 243 260 264 287
patient0094_0042 0 0.40620437264442444 211 118 236 143
patient0094_0156 0 0.320615291595459 227 271 241 285
patient0094_0160 0 0.4166225790977478 143 277 180 309
patient0094_0160 0 0.2657204270362854 222 266 239 284
patient0094_0161 0 0.32454827427864075 222 267 239 284
patient0094_0162 0 0.7114377617835999 219 261 239 285
patient0094_0163 0 0.75395667552948 217 255 241 287
patient0094_0164 0 0.7417190074920654 215 253 242 288
patient0094_0165 0 0.5784698128700256 213 231 258 289
patient0094_0165 0 0.37494444847106934 214 252 243 289
patient0094_0166 0 0.7634121179580688 210 232 259 290
patient0094_0167 0 0.7819482088088989 207 229 260 290
patient0094_0168 0 0.828414797782898 206 231 262 291
patient0094_0169 0 0.8274513483047485 206 233 264 291
patient0094_0170 0 0.8338927030563354 205 232 264 291
patient0094_0171 0 0.8477581143379211 203 232 264 292
patient0094_0172 0 0.8475866317749023 202 232 266 292
patient0094_0173 0 0.8457726240158081 201 231 266 292
patient0094_0174 0 0.8488868474960327 201 231 266 292
patient0094_0175 0 0.8293910622596741 201 232 267 292
patient0094_0176 0 0.7914202213287354 202 233 266 291
patient0094_0177 0 0.6558549404144287 202 233 266 292
patient0094_0178 0 0.7997037768363953 200 233 267 292
patient0094_0179 0 0.7774159908294678 211 233 267 292
patient0094_0180 0 0.8530844449996948 212 233 267 292
patient0094_0181 0 0.8534887433052063 212 232 267 293
patient0094_0182 0 0.8507767915725708 215 233 266 292
patient0094_0183 0 0.8274796605110168 218 233 266 292
patient0094_0184 0 0.7974318861961365 220 232 265 292
patient0094_0185 0 0.828040599822998 222 231 264 292
patient0094_0186 0 0.8347668647766113 223 230 264 293
patient0094_0187 0 0.8134013414382935 230 231 265 293
patient0094_0188 0 0.8353416919708252 231 230 265 294
patient0094_0189 0 0.8480539321899414 232 229 266 294
patient0094_0190 0 0.7951574325561523 232 227 265 294
patient0094_0191 0 0.8063286542892456 233 227 270 294
patient0094_0192 0 0.8172167539596558 233 226 274 294
patient0094_0193 0 0.8297982215881348 232 226 273 294
patient0094_0194 0 0.8159278631210327 230 225 272 294
patient0094_0195 0 0.8057226538658142 229 225 270 294
patient0094_0196 0 0.8181846141815186 229 225 270 294
patient0094_0197 0 0.8156505823135376 228 225 271 294
patient0094_0198 0 0.7556588053703308 226 224 272 294
patient0094_0198 0 0.510730504989624 238 224 271 261
patient0094_0199 0 0.5265300869941711 225 224 269 294
patient0094_0199 0 0.49280837178230286 238 223 269 257
patient0094_0200 0 0.796496570110321 225 224 268 293
patient0094_0200 0 0.4385935664176941 239 224 267 252
patient0094_0201 0 0.515891432762146 239 224 267 250
patient0094_0201 0 0.49282458424568176 223 225 268 292
patient0094_0202 0 0.6610409021377563 241 224 265 247
patient0094_0203 0 0.6353278160095215 244 226 263 245
patient0094_0204 0 0.5683755278587341 244 226 260 243
patient0094_0205 0 0.5320257544517517 244 226 257 241
patient0094_0206 0 0.4880736768245697 244 226 257 239
patient0094_0207 0 0.5127421617507935 243 227 256 237
patient0094_0208 0 0.5068507790565491 242 227 255 237
patient0094_0209 0 0.5558574199676514 242 227 254 236
patient0094_0210 0 0.5346704125404358 241 227 252 236
patient0094_0211 0 0.45308881998062134 240 227 252 236
patient0094_0212 0 0.4043087661266327 239 227 251 236
patient0094_0213 0 0.36802875995635986 238 226 249 236
patient0094_0214 0 0.4009930491447449 236 225 249 236
patient0094_0215 0 0.444851815700531 235 225 249 236
patient0095_0030 0 0.38560622930526733 366 467 385 487
patient0095_0185 0 0.2642286419868469 212 247 231 274
patient0095_0186 0 0.7033107280731201 212 246 231 271
patient0095_0187 0 0.7444161772727966 211 246 231 273
patient0095_0188 0 0.735155463218689 211 246 231 274
patient0095_0189 0 0.7613912224769592 210 244 232 275
patient0095_0190 0 0.7795954942703247 210 243 233 276
patient0095_0191 0 0.782273530960083 209 227 247 278
patient0095_0192 0 0.8269190788269043 209 228 246 278
patient0095_0193 0 0.8397587537765503 208 229 248 278
patient0095_0194 0 0.8456680774688721 208 231 248 278
patient0095_0195 0 0.8331363797187805 207 231 249 278
patient0095_0196 0 0.8501654267311096 206 231 250 278
patient0095_0197 0 0.8525606989860535 205 231 251 278
patient0095_0198 0 0.8656904697418213 204 231 252 279
patient0095_0199 0 0.8711276054382324 203 230 253 279
patient0095_0200 0 0.8495551943778992 204 229 253 280
patient0095_0201 0 0.8541709780693054 203 229 254 280
patient0095_0202 0 0.8515705466270447 203 229 254 279
patient0095_0203 0 0.8564480543136597 202 229 255 280
patient0095_0204 0 0.8647065162658691 202 228 255 280
patient0095_0205 0 0.8704785108566284 201 228 256 280
patient0095_0206 0 0.8704271912574768 201 229 256 281
patient0095_0207 0 0.8668746948242188 201 229 256 281
patient0095_0208 0 0.8623279929161072 201 229 257 281
patient0095_0209 0 0.8655753135681152 200 229 257 281
patient0095_0210 0 0.8707792162895203 199 229 257 281
patient0095_0211 0 0.8778656721115112 198 229 257 282
patient0095_0212 0 0.8716213703155518 198 229 257 281
patient0095_0213 0 0.8105812668800354 203 230 257 282
patient0095_0214 0 0.8225051164627075 215 232 258 281
patient0095_0215 0 0.8343170881271362 217 232 258 281
patient0095_0216 0 0.8350046873092651 217 232 258 281
patient0095_0217 0 0.8325993418693542 219 232 258 282
patient0095_0218 0 0.7933926582336426 222 232 258 282
patient0095_0219 0 0.8180191516876221 225 231 259 282
patient0095_0220 0 0.8136738538742065 226 231 259 282
patient0095_0221 0 0.8255504369735718 225 230 260 282
patient0095_0222 0 0.8219230771064758 226 230 260 282
patient0095_0223 0 0.8437968492507935 226 230 261 282
patient0095_0224 0 0.8430532813072205 226 229 262 282
patient0095_0225 0 0.8436514139175415 226 229 265 282
patient0095_0226 0 0.8082836866378784 226 228 266 282
patient0095_0227 0 0.8043345212936401 225 227 267 283
patient0095_0228 0 0.8108716011047363 225 228 268 282
patient0095_0229 0 0.8081874251365662 225 228 267 281
patient0095_0230 0 0.7959825992584229 225 227 265 281
patient0095_0231 0 0.7867068648338318 224 227 264 281
patient0095_0232 0 0.7792624831199646 223 226 264 280
patient0095_0232 0 0.36443954706192017 241 226 267 252
patient0095_0233 0 0.680494487285614 223 227 262 280
patient0095_0233 0 0.5234923958778381 242 226 266 250
patient0095_0234 0 0.555055558681488 243 226 261 247
patient0095_0235 0 0.6631290912628174 242 226 258 243
patient0095_0236 0 0.6711564064025879 242 227 257 243
patient0095_0237 0 0.6122177243232727 243 227 257 242
patient0095_0238 0 0.5678446888923645 244 227 256 241
patient0095_0239 0 0.5540454387664795 244 227 255 239
patient0095_0240 0 0.57269287109375 244 227 255 238
patient0095_0241 0 0.5743236541748047 244 226 255 237
patient0095_0242 0 0.550112247467041 244 225 255 236
patient0095_0243 0 0.5491936802864075 244 225 255 236
patient0095_0244 0 0.5918066501617432 243 225 254 236
patient0095_0245 0 0.5127080678939819 243 225 254 235
patient0095_0246 0 0.4661039113998413 243 226 253 235
patient0095_0247 0 0.45297971367836 243 226 253 235
patient0095_0248 0 0.5047215223312378 243 226 253 235
patient0095_0249 0 0.3699726164340973 243 225 252 234
patient0095_0250 0 0.3359750211238861 242 224 252 234
patient0095_0251 0 0.5087760090827942 242 224 251 234
patient0095_0252 0 0.5057482719421387 240 224 250 234
patient0095_0253 0 0.3717101812362671 239 223 250 234
patient0095_0254 0 0.41871941089630127 238 222 249 234
patient0095_0255 0 0.47808191180229187 237 220 250 235
patient0095_0256 0 0.40067243576049805 237 220 250 235
patient0096_0010 0 0.5298659205436707 360 461 405 512
patient0096_0010 0 0.5203668475151062 313 363 338 386
patient0096_0010 0 0.41534802317619324 170 333 191 367
patient0096_0011 0 0.6282862424850464 308 364 337 387
patient0096_0011 0 0.4979434311389923 361 458 404 512
patient0096_0011 0 0.30998367071151733 172 337 190 366
patient0096_0012 0 0.4437524676322937 230 268 262 300
patient0096_0014 0 0.3535724878311157 172 340 190 362
patient0096_0026 0 0.3456883132457733 308 386 323 403
patient0096_0027 0 0.4011971950531006 182 363 203 387
patient0096_0027 0 0.29477551579475403 308 386 321 403
patient0096_0028 0 0.5127202272415161 180 360 205 388
patient0096_0028 0 0.4467999339103699 409 315 439 354
patient0096_0029 0 0.6318117380142212 180 355 203 387
patient0096_0029 0 0.3864414095878601 266 366 307 411
patient0096_0029 0 0.38402608036994934 340 458 378 512
patient0096_0030 0 0.640392541885376 179 346 201 386
patient0096_0250 0 0.4622035622596741 194 270 212 291
patient0096_0251 0 0.6932647228240967 193 267 213 293
patient0096_0252 0 0.7925979495048523 193 264 215 295
patient0096_0253 0 0.804390013217926 191 263 216 295
patient0096_0254 0 0.8067323565483093 192 262 217 296
patient0096_0255 0 0.8139378428459167 191 260 217 296
patient0096_0256 0 0.8075708746910095 191 259 218 296
patient0096_0257 0 0.7861248850822449 190 258 219 297
patient0096_0258 0 0.7898048162460327 190 257 220 297
patient0096_0259 0 0.8038455843925476 190 256 220 298
patient0096_0260 0 0.7883649468421936 188 236 249 299
patient0096_0260 0 0.5064984560012817 188 252 222 298
patient0096_0261 0 0.7865134477615356 187 236 251 300
patient0096_0262 0 0.8135067820549011 187 238 252 301
patient0096_0263 0 0.8388524055480957 187 238 253 301
patient0096_0264 0 0.82848060131073 187 238 254 301
patient0096_0265 0 0.8424830436706543 189 238 254 301
patient0096_0266 0 0.8786088824272156 188 238 254 302
patient0096_0267 0 0.8817828893661499 187 238 255 302
patient0096_0268 0 0.8691431283950806 187 238 255 302
patient0096_0269 0 0.8833749294281006 186 238 255 302
patient0096_0270 0 0.8978838324546814 186 239 256 303
patient0096_0271 0 0.9013881087303162 185 239 255 303
patient0096_0272 0 0.8980770111083984 185 239 255 303
patient0096_0273 0 0.8901718258857727 185 238 256 303
patient0096_0274 0 0.8791918158531189 184 238 257 304
patient0096_0275 0 0.8717393279075623 184 238 258 304
patient0096_0276 0 0.8582749962806702 182 237 259 305
patient0096_0277 0 0.8422830104827881 181 236 260 305
patient0096_0278 0 0.830056369304657 181 237 263 305
patient0096_0279 0 0.8239784240722656 180 238 264 305
patient0096_0280 0 0.8294838070869446 180 238 264 305
patient0096_0281 0 0.7516847848892212 215 245 266 304
patient0096_0281 0 0.3852660059928894 178 236 258 306
patient0096_0282 0 0.8380335569381714 213 245 266 304
patient0096_0283 0 0.8439300060272217 213 244 266 303
patient0096_0284 0 0.8328793048858643 213 243 266 303
patient0096_0285 0 0.8205569386482239 213 243 265 303
patient0096_0286 0 0.833299458026886 212 242 265 303
patient0096_0287 0 0.8321375250816345 211 242 264 303
patient0096_0288 0 0.8316521048545837 210 242 264 303
patient0096_0289 0 0.8335512280464172 210 243 263 303
patient0096_0290 0 0.8404892683029175 209 243 264 303
patient0096_0291 0 0.8443906903266907 209 243 263 303
patient0096_0292 0 0.8433120250701904 209 243 263 303
patient0096_0293 0 0.8428459167480469 209 244 263 303
patient0096_0293 0 0.3414563834667206 236 244 263 269
patient0096_0294 0 0.7933173775672913 209 244 263 303
patient0096_0294 0 0.4715350270271301 234 244 263 269
patient0096_0295 0 0.6884053945541382 233 245 262 269
patient0096_0295 0 0.33937352895736694 209 244 264 304
patient0096_0296 0 0.7122880816459656 233 245 261 267
patient0096_0297 0 0.7313948273658752 234 246 259 263
patient0096_0298 0 0.6970769166946411 234 245 259 262
patient0096_0299 0 0.6316362619400024 237 244 259 261
patient0096_0299 0 0.4033753275871277 206 242 260 304
patient0096_0300 0 0.6349784135818481 239 244 258 260
patient0096_0300 0 0.46117037534713745 206 242 258 304
patient0096_0301 0 0.6264330744743347 241 243 257 259
patient0096_0302 0 0.5713844895362854 244 242 256 259
patient0096_0303 0 0.511655330657959 244 245 254 257
patient0097_0099 0 0.2881241738796234 182 242 224 294
patient0097_0101 0 0.2676604390144348 182 244 226 295
patient0097_0103 0 0.27968311309814453 185 241 226 299
patient0097_0147 0 0.30351361632347107 192 243 207 258
patient0097_0148 0 0.6816421747207642 190 236 206 258
patient0097_0149 0 0.7446505427360535 187 233 207 259
patient0097_0150 0 0.754996120929718 186 232 208 262
patient0097_0151 0 0.787605345249176 186 230 210 263
patient0097_0152 0 0.8146188855171204 186 228 211 263
patient0097_0153 0 0.78920578956604 186 227 211 263
patient0097_0154 0 0.8162460327148438 184 226 211 264
patient0097_0155 0 0.8001794815063477 181 225 211 264
patient0097_0156 0 0.7869125604629517 181 213 225 265
patient0097_0157 0 0.8178460001945496 181 213 226 266
patient0097_0158 0 0.8207590579986572 180 213 227 266
patient0097_0159 0 0.8282594084739685 180 212 228 265
patient0097_0160 0 0.8202161192893982 179 211 228 265
patient0097_0161 0 0.8395978808403015 178 211 229 265
patient0097_0162 0 0.8436003923416138 177 210 229 265
patient0097_0163 0 0.8469798564910889 176 210 230 266
patient0097_0164 0 0.8455592393875122 175 210 230 266
patient0097_0165 0 0.8501067161560059 175 210 232 265
patient0097_0166 0 0.838915228843689 175 211 232 265
patient0097_0167 0 0.8580674529075623 173 212 232 265
patient0097_0168 0 0.858052670955658 173 211 232 266
patient0097_0169 0 0.848447322845459 172 212 231 266
patient0097_0170 0 0.8511786460876465 172 213 232 267
patient0097_0171 0 0.8364995121955872 173 212 233 267
patient0097_0172 0 0.8308736085891724 189 213 234 266
patient0097_0173 0 0.7932056188583374 203 213 235 266
patient0097_0174 0 0.8089501857757568 205 213 238 266
patient0097_0175 0 0.8312501311302185 204 213 242 266
patient0097_0176 0 0.8047852516174316 205 213 244 266
patient0097_0177 0 0.817987859249115 204 213 247 266
patient0097_0178 0 0.831217348575592 202 213 247 266
patient0097_0179 0 0.8270426988601685 201 213 247 266
patient0097_0180 0 0.820855975151062 200 212 243 266
patient0097_0181 0 0.8447166085243225 198 212 243 267
patient0097_0182 0 0.8471215963363647 197 212 241 267
patient0097_0183 0 0.8198246359825134 197 210 240 267
patient0097_0184 0 0.7971081733703613 196 211 238 267
patient0097_0185 0 0.7837228178977966 195 211 238 267
patient0097_0186 0 0.7009469866752625 194 210 239 267
patient0097_0186 0 0.3037703335285187 212 209 237 230
patient0097_0187 0 0.5764525532722473 212 210 236 229
patient0097_0188 0 0.6959686279296875 213 209 236 227
patient0097_0189 0 0.7319281101226807 213 209 235 227
patient0097_0190 0 0.7300801873207092 213 210 235 226
patient0097_0191 0 0.7178536653518677 213 210 233 225
patient0097_0192 0 0.6937229037284851 213 210 232 225
patient0097_0193 0 0.6828063726425171 213 211 231 224
patient0097_0194 0 0.6712819933891296 214 211 230 223
patient0097_0195 0 0.6424440741539001 215 211 229 223
patient0097_0196 0 0.6496381163597107 214 211 228 221
patient0097_0197 0 0.6150677800178528 212 211 223 221
patient0097_0198 0 0.4533887505531311 212 211 223 221
patient0098_0013 0 0.3572129011154175 286 312 303 327
patient0098_0014 0 0.38856181502342224 286 312 305 326
patient0098_0052 0 0.43192556500434875 73 253 97 287
patient0098_0053 0 0.5621041655540466 319 364 338 386
patient0098_0078 0 0.45998305082321167 259 347 281 370
patient0098_0079 0 0.5872904658317566 260 348 280 370
patient0098_0080 0 0.3803846538066864 260 349 280 370
patient0098_0100 0 0.3372877538204193 266 344 284 383
patient0098_0181 0 0.6855844855308533 198 267 216 290
patient0098_0182 0 0.7438269257545471 198 266 217 292
patient0098_0183 0 0.7846283316612244 196 264 217 292
patient0098_0184 0 0.7841445803642273 194 261 218 292
patient0098_0185 0 0.787160336971283 193 260 218 292
patient0098_0186 0 0.7948036193847656 194 261 217 294
patient0098_0187 0 0.8103026747703552 194 261 217 295
patient0098_0188 0 0.7830258011817932 192 259 218 295
patient0098_0189 0 0.7791157960891724 191 257 218 295
patient0098_0190 0 0.781449556350708 191 256 218 295
patient0098_0191 0 0.7832117080688477 191 255 218 294
patient0098_0192 0 0.7896791100502014 191 255 218 294
patient0098_0193 0 0.7916811108589172 190 254 218 294
patient0098_0194 0 0.8297576904296875 187 245 218 296
patient0098_0195 0 0.8404226303100586 186 246 218 296
patient0098_0196 0 0.855467677116394 185 245 220 296
patient0098_0197 0 0.8424720764160156 184 245 222 296
patient0098_0198 0 0.8214511871337891 183 242 226 295
patient0098_0199 0 0.8114588856697083 181 241 226 296
patient0098_0200 0 0.793182909488678 180 242 227 296
patient0098_0201 0 0.7510591149330139 178 242 227 296
patient0098_0202 0 0.7181645035743713 196 246 228 296
patient0098_0203 0 0.7868564128875732 175 242 228 296
patient0098_0204 0 0.8075466156005859 175 242 228 296
patient0098_0205 0 0.8318157196044922 183 246 229 297
patient0098_0206 0 0.8344951272010803 184 246 229 297
patient0098_0207 0 0.8357210755348206 185 247 229 297
patient0098_0208 0 0.8303160071372986 186 248 229 296
patient0098_0209 0 0.8039335608482361 187 247 228 296
patient0098_0210 0 0.8027199506759644 188 245 228 296
patient0098_0211 0 0.8069317936897278 189 249 228 296
patient0098_0212 0 0.8197233080863953 190 249 228 296
patient0098_0213 0 0.826003909111023 191 249 228 296
patient0098_0214 0 0.8246431946754456 192 249 227 296
patient0098_0215 0 0.8316933512687683 193 250 228 296
patient0098_0216 0 0.8392413258552551 194 249 227 295
patient0098_0217 0 0.8324819207191467 196 248 227 295
patient0098_0218 0 0.8212749361991882 198 249 227 295
patient0098_0219 0 0.8108208179473877 199 249 228 295
patient0098_0220 0 0.8076704740524292 201 249 227 294
patient0098_0221 0 0.8281297087669373 201 248 228 294
patient0098_0222 0 0.8346250057220459 201 248 228 294
patient0098_0223 0 0.8354313373565674 200 248 227 294
patient0098_0224 0 0.829810380935669 200 248 227 294
patient0098_0225 0 0.8318668007850647 198 247 227 294
patient0098_0226 0 0.8274892568588257 197 247 227 294
patient0098_0227 0 0.8170232176780701 196 247 226 294
patient0098_0228 0 0.7949969172477722 195 247 227 294
patient0098_0229 0 0.7808973789215088 195 246 227 293
patient0098_0230 0 0.7784115672111511 196 245 227 292
patient0098_0231 0 0.7566154599189758 196 244 228 292
patient0098_0232 0 0.754636824131012 196 243 229 292
patient0098_0233 0 0.7675020098686218 195 243 232 292
patient0098_0234 0 0.6811251640319824 194 243 236 291
patient0098_0235 0 0.6573805809020996 209 242 234 269
patient0098_0236 0 0.6920703053474426 210 241 234 269
patient0098_0237 0 0.7427988648414612 209 241 233 268
patient0098_0238 0 0.7658708691596985 210 242 233 267
patient0098_0239 0 0.7831668853759766 209 241 233 269
patient0098_0240 0 0.7966604232788086 209 241 234 270
patient0098_0241 0 0.7955042123794556 209 241 234 269
patient0098_0242 0 0.7572592496871948 208 241 233 267
patient0098_0243 0 0.6695946455001831 213 241 231 263
patient0098_0244 0 0.7222567796707153 207 240 229 262
patient0098_0245 0 0.7424009442329407 207 240 229 262
patient0098_0246 0 0.7486477494239807 207 241 229 262
patient0098_0247 0 0.7584412097930908 208 241 229 261
patient0098_0248 0 0.7102979421615601 209 242 224 256
patient0098_0249 0 0.6745204925537109 209 242 223 255
patient0098_0250 0 0.6922836899757385 209 242 222 255
patient0098_0251 0 0.6899404525756836 209 242 221 254
patient0098_0252 0 0.6655904054641724 210 241 221 253
patient0098_0253 0 0.6416193246841431 209 241 221 253
patient0098_0254 0 0.5828273296356201 208 240 219 252
patient0098_0255 0 0.5698156952857971 207 240 218 252
patient0098_0256 0 0.560761034488678 207 240 218 252
patient0098_0257 0 0.5411661267280579 207 240 217 252
patient0098_0258 0 0.5310908555984497 206 240 217 252
patient0098_0259 0 0.5780267715454102 206 240 216 252
patient0098_0260 0 0.6465907692909241 205 240 216 253
patient0098_0261 0 0.6471480131149292 204 240 216 253
patient0098_0262 0 0.4255604147911072 205 241 216 254
patient0098_0263 0 0.2517533004283905 206 243 216 255
patient0099_0079 0 0.2924816310405731 242 359 283 407
patient0099_0080 0 0.44482195377349854 243 356 285 407
patient0099_0081 0 0.36609572172164917 245 352 288 406
patient0099_0215 0 0.6696144938468933 167 275 191 302
patient0099_0216 0 0.7151346206665039 166 272 190 300
patient0099_0217 0 0.7219718098640442 166 271 191 301
patient0099_0218 0 0.7267677783966064 167 271 191 302
patient0099_0219 0 0.7283709645271301 166 270 191 304
patient0099_0220 0 0.7577894330024719 165 269 191 304
patient0099_0221 0 0.7773906588554382 165 267 191 305
patient0099_0222 0 0.7867069840431213 165 266 191 306
patient0099_0223 0 0.8069135546684265 164 264 191 306
patient0099_0224 0 0.8128345608711243 164 264 191 306
patient0099_0225 0 0.8070279359817505 163 263 191 307
patient0099_0226 0 0.8085143566131592 163 263 191 307
patient0099_0227 0 0.8081278800964355 163 263 190 308
patient0099_0228 0 0.811590313911438 162 262 191 308
patient0099_0229 0 0.8016369342803955 161 261 192 309
patient0099_0230 0 0.7972210645675659 159 260 192 309
patient0099_0231 0 0.7940208315849304 159 260 192 310
patient0099_0232 0 0.80189049243927 160 259 194 310
patient0099_0233 0 0.7738644480705261 159 258 198 310
patient0099_0234 0 0.8533211946487427 158 251 210 311
patient0099_0235 0 0.856211245059967 157 251 212 311
patient0099_0236 0 0.853405237197876 157 251 213 311
patient0099_0237 0 0.8603197336196899 157 250 214 312
patient0099_0238 0 0.8629027605056763 157 250 215 312
patient0099_0239 0 0.8619229197502136 155 250 215 312
patient0099_0240 0 0.8576264977455139 155 250 216 312
patient0099_0241 0 0.8586089015007019 154 251 216 313
patient0099_0242 0 0.854949951171875 154 251 216 313
patient0099_0243 0 0.8554164171218872 153 251 216 314
patient0099_0244 0 0.8633825778961182 153 251 217 314
patient0099_0245 0 0.8584408164024353 152 251 217 314
patient0099_0246 0 0.8654590249061584 151 251 217 315
patient0099_0247 0 0.8695336580276489 151 251 218 316
patient0099_0248 0 0.8765495419502258 150 251 218 316
patient0099_0249 0 0.8783617615699768 150 251 218 316
patient0099_0250 0 0.8755737543106079 149 251 218 316
patient0099_0251 0 0.8693563342094421 149 252 218 316
patient0099_0252 0 0.8657755255699158 149 252 219 316
patient0099_0253 0 0.7871154546737671 158 253 220 316
patient0099_0254 0 0.8123346567153931 169 254 222 316
patient0099_0255 0 0.8197493553161621 176 255 224 316
patient0099_0256 0 0.8348905444145203 176 255 225 317
patient0099_0257 0 0.8407450914382935 176 255 224 316
patient0099_0258 0 0.8323273062705994 175 255 225 317
patient0099_0259 0 0.8348607420921326 175 255 226 317
patient0099_0260 0 0.8402665853500366 174 255 226 317
patient0099_0261 0 0.8359345197677612 173 255 225 317
patient0099_0262 0 0.7783650159835815 172 256 225 317
patient0099_0262 0 0.2784382104873657 176 433 195 455
patient0099_0263 0 0.6877620816230774 171 257 225 317
patient0099_0263 0 0.27892830967903137 193 258 224 294
patient0099_0264 0 0.649183452129364 194 258 222 292
patient0099_0265 0 0.7459030151367188 195 259 222 291
patient0099_0266 0 0.7616458535194397 194 259 222 289
patient0099_0267 0 0.7797247767448425 194 259 222 289
patient0099_0268 0 0.7677660584449768 194 260 221 288
patient0099_0269 0 0.7595486640930176 194 261 221 288
patient0099_0270 0 0.7703784704208374 194 261 221 288
patient0099_0271 0 0.7646805644035339 195 261 220 286
patient0099_0272 0 0.7820818424224854 196 259 219 284
patient0099_0273 0 0.7788869142532349 196 257 219 283
patient0099_0274 0 0.7775020599365234 195 258 219 282
patient0099_0275 0 0.7673627734184265 195 259 218 282
patient0099_0276 0 0.7472407817840576 195 259 218 281
patient0099_0277 0 0.6914440393447876 196 260 218 280
patient0099_0278 0 0.6309487819671631 196 259 218 280
patient0099_0279 0 0.6124640703201294 203 258 218 279
patient0099_0280 0 0.5970238447189331 201 258 216 277
patient0099_0281 0 0.5830322504043579 200 259 215 276
patient0099_0282 0 0.5645308494567871 203 262 214 275
patient0099_0283 0 0.5721843242645264 203 262 212 274
patient0099_0284 0 0.5700125694274902 202 261 212 274
patient0099_0285 0 0.576085090637207 200 262 210 274
patient0099_0286 0 0.5761680006980896 197 263 209 274
patient0099_0287 0 0.5656600594520569 198 263 209 274
patient0099_0288 0 0.5768269300460815 198 263 209 273
patient0099_0289 0 0.568733274936676 198 263 208 273
patient0099_0290 0 0.4961915910243988 198 263 207 273
patient0099_0291 0 0.48970726132392883 196 263 205 273
patient0099_0292 0 0.5574411749839783 195 261 206 273
patient0099_0293 0 0.3157162666320801 196 262 204 273
patient0100_0007 0 0.34663254022598267 273 362 307 400
patient0100_0009 0 0.26437488198280334 115 277 133 302
patient0100_0131 0 0.5960212349891663 88 333 102 351
patient0100_0132 0 0.37540173530578613 87 331 102 350
patient0100_0191 0 0.330594003200531 217 276 276 358
patient0100_0192 0 0.5149431824684143 216 275 277 359
patient0100_0193 0 0.6647950410842896 216 275 276 360
patient0100_0194 0 0.6824167370796204 216 272 278 360
patient0100_0195 0 0.6449705362319946 215 269 281 361
patient0100_0196 0 0.35510948300361633 215 269 284 360
patient0100_0210 0 0.6988780498504639 206 273 220 300
patient0100_0211 0 0.7453567385673523 206 270 222 301
patient0100_0212 0 0.8067392110824585 206 267 225 303
patient0100_0213 0 0.7872560024261475 207 265 227 304
patient0100_0213 0 0.5770934224128723 206 251 253 304
patient0100_0214 0 0.8102744817733765 206 250 251 306
patient0100_0215 0 0.8174009919166565 205 250 253 307
patient0100_0216 0 0.8131447434425354 205 250 255 308
patient0100_0217 0 0.8071600794792175 206 250 255 309
patient0100_0218 0 0.8095652461051941 206 250 256 309
patient0100_0219 0 0.8279480338096619 206 250 256 309
patient0100_0220 0 0.832231342792511 206 250 255 309
patient0100_0221 0 0.8299170136451721 204 249 255 309
patient0100_0222 0 0.8312246799468994 204 247 256 310
patient0100_0223 0 0.8404253125190735 203 248 256 310
patient0100_0224 0 0.8482266068458557 202 250 257 310
patient0100_0225 0 0.8541281819343567 202 249 257 310
patient0100_0226 0 0.8524230122566223 201 248 258 310
patient0100_0227 0 0.8602950572967529 200 248 258 311
patient0100_0228 0 0.8621017932891846 200 246 259 311
patient0100_0229 0 0.8649114370346069 199 246 260 311
patient0100_0230 0 0.7539511919021606 202 246 261 311
patient0100_0231 0 0.8062921762466431 219 249 261 311
patient0100_0232 0 0.8043526411056519 221 249 263 311
patient0100_0233 0 0.7986270189285278 221 249 263 311
patient0100_0234 0 0.7928925156593323 220 249 263 310
patient0100_0235 0 0.7982927560806274 220 250 264 310
patient0100_0236 0 0.8227160573005676 220 250 266 310
patient0100_0237 0 0.8356096148490906 220 251 266 310
patient0100_0238 0 0.8413287401199341 220 251 266 310
patient0100_0239 0 0.8392680287361145 220 251 266 310
patient0100_0240 0 0.8367922306060791 219 251 265 310
patient0100_0241 0 0.835533618927002 219 251 265 310
patient0100_0242 0 0.8249565958976746 219 251 265 309
patient0100_0243 0 0.8120841383934021 219 251 266 309
patient0100_0244 0 0.7826136350631714 219 250 265 309
patient0100_0244 0 0.35024622082710266 242 250 265 275
patient0100_0245 0 0.6719843149185181 219 251 265 308
patient0100_0245 0 0.5128879547119141 244 250 265 273
patient0100_0246 0 0.6265128254890442 219 251 265 308
patient0100_0246 0 0.5613803863525391 244 250 266 272
patient0100_0247 0 0.6782232522964478 218 251 265 307
patient0100_0247 0 0.6045065522193909 243 250 265 271
patient0100_0248 0 0.6680075526237488 216 251 264 306
patient0100_0248 0 0.6509209275245667 244 250 265 269
patient0100_0249 0 0.6819589138031006 245 250 264 268
patient0100_0249 0 0.47698184847831726 215 251 263 306
patient0100_0250 0 0.668862521648407 245 251 264 268
patient0100_0250 0 0.5008926391601562 214 251 263 305
patient0100_0251 0 0.6315945386886597 244 251 263 268
patient0100_0251 0 0.44390007853507996 214 251 263 305
patient0100_0252 0 0.6562771201133728 244 251 262 267
patient0100_0252 0 0.3061731159687042 213 251 262 305
patient0100_0253 0 0.6640515923500061 244 251 262 266
patient0100_0254 0 0.6516552567481995 244 252 261 265
patient0100_0255 0 0.6482036709785461 244 252 260 264
patient0100_0256 0 0.5801877975463867 247 251 259 263
patient0100_0257 0 0.5655921101570129 248 251 258 262
patient0100_0258 0 0.5580692291259766 248 251 257 261
patient0100_0259 0 0.5386609435081482 247 251 257 260
patient0100_0260 0 0.5341141819953918 246 251 255 260
patient0100_0261 0 0.4967513382434845 245 250 254 260
patient0100_0262 0 0.4628813564777374 245 250 254 260
patient0100_0263 0 0.3763395845890045 244 249 254 260
